month,year,route_id,route_name,vessel_id,vessel_name,distance_nm,voyages,available_seats,passengers,occupancy,vehicles,avg_ticket_eur,passenger_revenue,vehicle_revenue,ancillary_revenue,freight_revenue,revenue,fuel_tons,fuel_price_eur_ton,fuel_cost,crew_cost,port_cost,maintenance_cost,catering_cost,distribution_cost,other_variable_cost,variable_cost,contribution,fixed_allocated,ebitda,contribution_margin,ebitda_margin,revenue_per_sailing,cost_per_sailing,revenue_per_passenger,cost_per_available_seat_nm,revenue_per_available_seat_nm,break_even_occupancy
2024-01-01,2024,DEN-IBZ,Dénia–Ibiza,V03,Costa Dénia,124,33,29700,12775,0.4301326080101457,3422,63.03237582318686,805238.6011412122,182747.0474703921,122139.80416153304,439258.3355982641,1549383.7883714014,1279.5704291456827,625,799731.5182160517,269544.0,184965.0,144726.2972176162,58764.99999999999,55777.816381370445,32537.05955579943,1546046.6913708376,3337.09700056375,298500.0,-295162.90299943625,0.002153822071464593,-0.19050341510910596,46951.02389004247,55895.35428396478,121.28248832652848,0.5008544290677848,0.42070809937314035,0.5120743387858648
2024-01-01,2024,DEN-FOR,Dénia–Formentera,V01,Levante Star,112,31,25420,11639,0.4578611563944887,2590,57.39306700479425,667997.9068688003,136795.0164910483,107992.19880364288,379879.03082246706,1292664.1529859584,981.6173291007714,625,613510.8306879821,247380.0,170159.0,152636.1243350946,53539.399999999994,46535.9095074945,27145.947212705127,1310907.2117432763,-18243.05875731795,291040.0,-309283.05875731795,-0.01411275984963135,-0.23926018064544996,41698.84364470834,51675.716507847625,111.06316289938641,0.5626711292230795,0.45403793167147577,0.5674090993839687
2024-01-01,2024,DEN-PMI,Dénia–Mallorca,V05,Balear Express,198,20,26400,11767,0.44571019127644246,2634,78.23903670793324,920638.7449422504,161314.66292561192,109143.86134103789,327494.88592819095,1518592.1551370912,1092.5275216979421,625,682829.7010612139,187800.0,124280.0,110761.10743101641,54128.2,54669.31758493528,31890.43525787892,1246358.7613350444,272233.3938020468,339790.0,-67556.60619795322,0.17926695649067861,-0.0444863395148084,75929.60775685456,79307.43806675222,129.0551674290041,0.3034413761354156,0.29051732383247075,0.46553820617077646
2024-01-01,2024,BCN-PMI,Barcelona–Mallorca,V04,Mediterráneo,205,21,31080,12568,0.40438137488524,3122,69.95941588344381,879249.9388231218,194087.69184551525,126054.65148048189,344980.24505840684,1544372.527207526,1413.7526348167648,625,883595.396760478,270228.0,135366.0,138242.87153817125,57812.799999999996,55597.41097947093,32431.823071358045,1573274.3023494785,-28901.77514195256,382760.0,-411661.77514195256,-0.018714251019610936,-0.2665560076274494,73541.5489146441,93144.4905880704,122.88132775362237,0.3070022761637126,0.24239139391774586,0.5121716597335485
2024-01-01,2024,BCN-IBZ,Barcelona–Ibiza,V05,Balear Express,276,22,29040,11298,0.3890489011008308,2775,82.55363771488092,932690.9989027246,199369.40166609263,113816.3254561483,413222.14040656417,1659098.8664315296,1935.708796752464,625,1209817.99797029,309980.0,136708.0,151592.3140786595,51970.799999999996,59727.55919153506,34841.07619506212,1954637.7474355467,-295538.8810040171,382290.0,-677828.8810040171,-0.1781321698083469,-0.40855243452846446,75413.5848377968,106223.98851979757,146.84889948942552,0.29156782092610223,0.20699820168477384,0.5479957767961989
2024-01-01,2024,VAL-PMI,Valencia–Mallorca,V02,Marina Azul,260,20,25200,10866,0.43120575099664227,2338,74.16902148839203,805920.5874928678,164902.49982070772,105681.14498545138,321793.52312266943,1398297.7554216965,1567.1766339128906,625,979485.3961955566,263000.0,122540.0,117916.24382608503,49983.6,50338.71919518107,29364.25286385563,1612628.2120806782,-214330.45665898174,369470.0,-583800.4566589817,-0.1532795542494054,-0.4175079695260757,69914.88777108482,99104.91060403391,128.68560237637553,0.3025180421368556,0.21341540833664477,0.611237588543217
2024-01-01,2024,VAL-IBZ,Valencia–Ibiza,V05,Balear Express,165,20,26400,10032,0.38,2136,67.86653753912466,680837.1045924986,128422.61907459355,100670.48495492067,298478.63086842484,1208408.8394904376,1142.9083302298377,625,714317.7063936485,225400.0,124280.0,111327.50840270978,46147.2,43502.71822165575,25376.585629299192,1290351.7186473133,-81942.87915687566,356790.0,-438732.87915687566,-0.0678105592072873,-0.36306659204998926,60420.441974521884,82357.08593236566,120.45542658397504,0.37813170767844656,0.2774124975873365,0.517965304978996
2024-02-01,2024,DEN-IBZ,Dénia–Ibiza,V01,Levante Star,124,30,24600,11017,0.4478402186341754,2538,60.5843516345096,667457.8019573923,138732.10575125206,107306.14370809532,399602.92399293644,1313098.975409676,1054.316623011276,625,658947.8893820476,245040.0,164670.0,133585.17814377462,50678.2,47271.56311474834,27575.0784836032,1327767.9091241737,-14668.933714497602,292740.0,-307408.9337144976,-0.011171232320793652,-0.23410949172250214,43769.9658469892,54016.930304139125,119.18843382133758,0.5312443971689528,0.43046779943931157,0.5526838645915164
2024-02-01,2024,DEN-FOR,Dénia–Formentera,V03,Costa Dénia,112,31,27900,12817,0.45939484505844214,2875,55.51094593155901,711483.7940047918,151819.85614440145,127553.92613230541,387017.38516353955,1377874.9614450382,975.0287072929157,625,609392.9420580723,247380.0,173755.0,135137.7763807079,58958.2,49603.49861202137,28935.374190345803,1303162.7912411473,74712.17020389088,296800.0,-222087.82979610912,0.05422275046317478,-0.16118141051289286,44447.579401452844,51611.70294326282,107.503703007337,0.5120208625323692,0.4409482083477465,0.5334407541673137
2024-02-01,2024,DEN-PMI,Dénia–Mallorca,V02,Marina Azul,198,21,26460,11502,0.4346812858606814,2876,77.08316483393449,886610.5619199144,185306.35025310353,115985.46581779864,326166.2857799395,1514068.663770756,1080.8822866434327,625,675551.4291521455,197190.0,128667.0,133783.51407882373,52909.2,54506.471895747214,31795.44193918588,1274403.0570659023,239665.6067048537,335470.0,-95804.39329514629,0.15829242916102074,-0.06327612187451755,72098.50779860743,76660.62176504296,131.63525158848512,0.3072816328565134,0.28899514108789254,0.4621862318813738
2024-02-01,2024,BCN-PMI,Barcelona–Mallorca,V05,Balear Express,205,20,26400,10549,0.39957991615120636,2278,71.3451939702644,752620.4511923192,142355.66266902152,106787.58118632394,344714.9212847341,1346478.6163323987,1401.1981990107718,625,875748.8743817323,257360.0,124280.0,122635.29142624419,48525.399999999994,48473.23018796635,28276.050942980375,1505298.846938923,-158820.23060652427,371240.0,-530060.2306065243,-0.11795228582175796,-0.39366405390850323,67323.93081661993,93826.94234694615,127.640403482074,0.3467366679488032,0.24879501410428653,0.5568801658037101
2024-02-01,2024,BCN-IBZ,Barcelona–Ibiza,V04,Mediterráneo,276,20,29600,12132,0.4098567539807744,2847,81.79009029143431,992277.375415681,204754.4917097638,116308.7404322704,381428.16526911705,1694768.7728268323,1583.7360237898856,625,989835.0148686785,281800.0,128920.0,138023.40964270316,55807.2,61011.67582176596,35590.14422936348,1690987.444562511,3781.3282643212005,393810.0,-390028.6717356788,0.0022311765032193972,-0.2301368056747474,84738.4386413416,104239.87222812555,139.69409601276232,0.2551896597829161,0.20744819487206623,0.5041798781261306
2024-02-01,2024,VAL-PMI,Valencia–Mallorca,V04,Mediterráneo,260,20,29600,12036,0.40660913195957865,2445,76.89596222625424,925519.801355196,173986.29223173624,119619.5355200248,367354.7054102284,1586480.3345171856,1518.8281047052592,625,949267.565440787,263000.0,128920.0,133290.0817503318,55365.6,57113.292042618676,33316.0870248609,1620272.6262585986,-33792.291741413064,385310.0,-419102.29174141306,-0.021300164273197305,-0.26417112309744367,79324.01672585928,100279.13131292994,131.81126076081634,0.26060065310012975,0.2061434946098214,0.5140235230110172
2024-02-01,2024,VAL-IBZ,Valencia–Ibiza,V02,Marina Azul,165,20,25200,10655,0.42281185566731105,2541,69.50000600821872,740522.5640175705,153760.02895276234,102504.8824163105,307680.63466753846,1304468.110054182,1163.0439936395192,625,726902.4960246994,225400.0,122540.0,118497.64279138179,49012.99999999999,46960.851961950546,27393.830311137823,1316707.8210891695,-12239.711034987587,352470.0,-364709.7110349876,-0.009382913189406527,-0.2795849957725982,65223.405502709094,83458.89105445848,122.42779071367264,0.4014376674096127,0.31372489419292493,0.5410237065466607
2024-03-01,2024,DEN-IBZ,Dénia–Ibiza,V03,Costa Dénia,124,30,27000,12592,0.4663759615514257,2704,63.68005472989094,801859.2491587867,147701.2750420457,123031.16718499802,375024.22247823107,1447615.9138640617,1125.035235122723,625,703147.0219517018,245040.0,168150.0,146405.7904199109,57923.2,52114.17289910622,30399.934191145298,1403180.1194618642,44435.79440219747,298500.0,-254064.20559780253,0.030695845477124405,-0.17550525879453713,48253.86379546872,56722.67064872881,114.96314436658686,0.5082676581427312,0.4323822920740925,0.5482273953790597
2024-03-01,2024,DEN-FOR,Dénia–Formentera,V01,Levante Star,112,30,24600,12668,0.5149743379299109,2625,57.907595643304056,733573.4216093757,137090.34560844937,127736.07776124819,366952.72367835464,1365352.568657428,917.2981523042716,625,573311.3451901698,239400.0,164670.0,146102.90421242805,58272.799999999996,49152.692471667404,28672.40394180599,1259582.1458160712,105770.42284135683,291040.0,-185269.57715864317,0.07746748002632206,-0.13569357938134732,45511.75228858094,51687.40486053571,107.77964703642469,0.5627983978716867,0.49555479408298053,0.5848530491331599
2024-03-01,2024,DEN-PMI,Dénia–Mallorca,V05,Balear Express,198,22,29040,13652,0.4701226170791086,3508,78.77019031781994,1075370.6382188778,225439.48540740806,136886.10178670677,334596.8932277784,1772293.1186407711,1198.793341423407,625,749245.8383896293,206580.0,136708.0,115375.56659912458,62799.2,63802.552271067754,37218.15549145619,1371729.3127512778,400563.8058894933,339790.0,60773.80588949332,0.22601442260109808,0.03429105786750598,80558.77812003506,77796.33239778536,129.8193025667134,0.2976596740043823,0.30822917860435817,0.45400161521202553
2024-03-01,2024,BCN-PMI,Barcelona–Mallorca,V04,Mediterráneo,205,20,29600,14102,0.47641370091664476,3659,71.50213443979214,1008323.0998699488,227623.08651020925,134827.27905340766,326024.40854757425,1696797.87398114,1397.6518154416044,625,873532.3846510027,257360.0,128920.0,129728.08247974663,64869.2,61084.72346332104,35632.75535360394,1551127.1459476743,145670.7280334658,382760.0,-237089.2719665342,0.08585037161302156,-0.13972746878227726,84839.89369905701,96694.35729738371,120.323207628786,0.31870256195578023,0.2796304999968919,0.5429817814389244
2024-03-01,2024,BCN-IBZ,Barcelona–Ibiza,V05,Balear Express,276,21,27720,11732,0.4232214378945569,2415,82.31190688116631,965683.2915298431,173087.09641488246,111432.57201832772,334497.29408573016,1584700.2540487833,1841.8630080795863,625,1151164.3800497414,295890.0,130494.0,124837.53830197366,53967.2,57049.2091457562,33278.70533502445,1846681.0328324956,-261980.7787837123,382290.0,-644270.7787837123,-0.1653188217231443,-0.40655687227767623,75461.91685946587,106141.47775392837,135.07503017804154,0.2913413421001547,0.20713086533669817,0.5952850219658288
2024-03-01,2024,VAL-PMI,Valencia–Mallorca,V02,Marina Azul,260,20,25200,11893,0.4719581790727733,2599,73.83102178177307,878072.3420506272,180838.06902855818,121710.68544354648,374069.0084646469,1554690.1049873787,1485.1577975812672,625,928223.623488292,263000.0,122540.0,130604.6684494547,54707.799999999996,55968.84377954563,32648.492204734954,1587693.4279220277,-33003.32293464895,369470.0,-402473.32293464895,-0.021228232448882077,-0.2588768794781236,77734.50524936893,97858.17139610139,130.72312326472536,0.29871236689896635,0.23728481455851322,0.5941372397153103
2024-03-01,2024,VAL-IBZ,Valencia–Ibiza,V05,Balear Express,165,22,29040,15506,0.5339556312370082,3235,69.77033938220383,1081858.8824604526,191670.28111400656,159994.18155599368,351323.9936120943,1784847.3387425472,1271.2238924622186,625,794514.9327888866,247940.0,136708.0,122149.8064112671,71327.59999999999,64254.50419473169,37481.794113593496,1474376.6375084787,310470.7012340685,356790.0,-46319.29876593151,0.17394804277927767,-0.025951406465140138,81129.4244882976,83234.84715947631,115.10688370582659,0.3821618326881373,0.372495061929741,0.5478125308575903
2024-04-01,2024,DEN-IBZ,Dénia–Ibiza,V01,Levante Star,124,32,26240,15153,0.5774632890137837,3790,62.901116762923586,953140.6223085811,208721.94089644737,157068.4974679489,447787.1211187193,1766718.1817916965,1155.9888821227203,625,722493.0513267001,261376.0,175648.0,149261.88156343444,69703.79999999999,63601.85454450107,37101.08181762563,1479185.669252261,287532.5125394354,292740.0,-5207.487460564589,0.16274950668580185,-0.0029475484625869856,55209.943180990515,55372.67716413316,116.59197398480146,0.544577863533961,0.542977411300064,0.5791653900435167
2024-04-01,2024,DEN-FOR,Dénia–Formentera,V03,Costa Dénia,112,30,27000,14885,0.5512932079815448,3523,57.804554406705016,860420.7923438041,189728.21755524832,153670.52218061395,354767.6656630772,1558587.1977427437,977.2079089417691,625,610754.9430886057,239400.0,168150.0,121886.74810712157,68471.0,56109.13911873877,32730.331152597617,1297502.1614670637,261085.03627567994,296800.0,-35714.963724320056,0.16751391045287795,-0.022914960276874462,51952.90659142479,53143.405382235454,104.70857895483665,0.5272163232364628,0.5154058193593729,0.5639260699433526
2024-04-01,2024,DEN-PMI,Dénia–Mallorca,V02,Marina Azul,198,20,25200,11568,0.45905856815476676,2378,78.37964169562723,906695.6951350158,152236.09376976555,116185.61354359161,275354.3441475033,1450471.7465958763,1048.0643133323767,625,655040.1958327355,187800.0,122540.0,111894.73780956627,53212.799999999996,52216.98287745154,30459.906678513405,1213164.6231982666,237307.12339760968,335470.0,-98162.87660239032,0.163606856841264,-0.06767651754180636,72523.58732979381,77431.73115991332,125.38656177350245,0.3103724994384854,0.2906990032459268,0.4901260533952093
2024-04-01,2024,BCN-PMI,Barcelona–Mallorca,V05,Balear Express,205,20,26400,13740,0.520442753493012,3335,71.01672747857245,975769.8355555855,206213.51075868335,143560.87623028655,325582.66478838946,1651126.8873329451,1466.9998908182556,625,916874.9317614097,257360.0,124280.0,105866.42606440214,63203.99999999999,59440.56794398602,34673.66463399185,1561699.5904037897,89427.29692915548,371240.0,-281812.7030708445,0.05416137161548306,-0.17067901033702795,82556.34436664726,96646.97952018949,120.16935133427548,0.3571580913532501,0.30508626890852647,0.609271407596277
2024-04-01,2024,BCN-IBZ,Barcelona–Ibiza,V04,Mediterráneo,276,22,32560,16417,0.5041998230455624,3683,82.35320249168201,1351992.5253059436,256019.08563408547,157772.04696317748,393911.4653281264,2159695.1232313327,1841.913752049872,625,1151196.09503117,309980.0,141812.0,140333.54156747105,75518.2,77749.02443632798,45353.59758785799,1941942.458622827,217752.6646085058,393810.0,-176057.3353914942,0.10082565000318404,-0.08151953185321707,98167.96014687876,106170.5663010376,131.55236177324315,0.2599161924721837,0.24032501015197502,0.5453019565807117
2024-04-01,2024,VAL-PMI,Valencia–Mallorca,V04,Mediterráneo,260,22,32560,16749,0.514391957782757,3903,77.47016001651868,1297547.7101166714,273877.94072112977,172878.2595622728,390609.49365707283,2134913.404057147,1664.625412480588,625,1040390.8828003675,289300.0,141812.0,139687.22094819133,77045.4,76856.88254605728,44833.18148520009,1809925.5677798162,324987.83627733076,385310.0,-60322.16372266924,0.15222530134464954,-0.02825508688457068,97041.51836623396,99783.43489908255,127.46512651842778,0.25931246075645153,0.2521868980411485,0.5289261472426333
2024-04-01,2024,VAL-IBZ,Valencia–Ibiza,V02,Marina Azul,165,21,26460,12106,0.4575068058641508,2605,70.12011189677129,848874.0746223133,157442.33711696105,116544.35670185414,328991.3480857678,1451852.1165268961,1157.9239057306777,625,723702.4410816736,236670.0,128667.0,112064.3686553965,55687.6,52266.676194968255,30488.89444706482,1339546.980379103,112305.13614779315,352470.0,-240164.86385220685,0.07735301334715013,-0.1654196464766167,69135.81507270935,80572.23716090966,119.92830964206973,0.3875528482968238,0.33254360304333497,0.5331874199508447
2024-05-01,2024,DEN-IBZ,Dénia–Ibiza,V03,Costa Dénia,124,29,26100,14968,0.5734820833994402,3450,61.741409590469765,924145.4187501514,195360.7749517292,159425.96523893962,365958.33849720715,1644890.497438027,1046.0762946660918,625,653797.6841663074,236872.0,162545.0,124750.0224487112,68852.79999999999,59216.05790776897,34542.70044619857,1340576.2649689862,304314.2324690409,298500.0,5814.2324690409005,0.18500576965033275,0.003534723118710191,56720.36198062162,56519.87120582711,109.89380661665066,0.5064504588335762,0.5082469711525235,0.5714549830210821
2024-05-01,2024,DEN-FOR,Dénia–Formentera,V01,Levante Star,112,33,27060,16341,0.6038853413253255,3992,56.419597231412226,921952.6383585072,210496.19675834235,171184.5693710384,426228.5007740812,1729861.9052619692,1017.3693981515876,625,635855.8738447422,263340.0,181137.0,165778.61676277214,75168.59999999999,62275.02858943088,36327.10001050135,1419882.219207447,309979.6860545222,291040.0,18939.68605452217,0.17919331312610126,0.010948669368873093,52420.05773521119,51846.12785477112,105.86022307459575,0.5645266534709399,0.5707758899739894,0.5972736003864454
2024-05-01,2024,DEN-PMI,Dénia–Mallorca,V05,Balear Express,198,21,27720,13385,0.48284815453296276,2869,77.92129599887969,1042976.5469450046,181305.67427369565,134672.83655871134,317555.8463606315,1676510.904138043,1185.8090631724972,625,741130.6644828108,197190.0,130494.0,127431.08115464453,61570.99999999999,60354.39254896955,35206.7289868989,1353377.8671733236,323133.0369647194,339790.0,-16656.963035280583,0.19274138698838597,-0.009935493407270471,79833.85257800206,80627.04129396779,125.25296258035435,0.30849036307762395,0.30545551185339015,0.4876454891890378
2024-05-01,2024,BCN-PMI,Barcelona–Mallorca,V04,Mediterráneo,205,20,29600,17243,0.5825479641052611,3514,72.33425676133028,1247259.589335618,221460.30411423018,181667.76962093904,300945.72069579404,1951333.3837665813,1348.216898860561,625,842635.5617878507,257360.0,128920.0,117723.0165452483,79317.79999999999,70248.00181559692,40978.00105909821,1537182.381207794,414151.00255878735,382760.0,31391.002558787353,0.212240002658781,0.016086949990162393,97566.66918832906,95997.1190603897,113.16669858879438,0.31640447943437605,0.3215776835475579,0.5731765441398288
2024-05-01,2024,BCN-IBZ,Barcelona–Ibiza,V05,Balear Express,276,22,29040,16005,0.5511345230265764,3663,83.53466759120086,1336972.3547971698,266217.0562667395,156673.40781719566,408286.5408767093,2168149.359757814,1877.4293017525679,625,1173393.313595355,309980.0,136708.0,131262.79788643212,73623.0,78053.3769512813,45531.1365549141,1948551.6249879824,219597.73476983164,382290.0,-162692.26523016836,0.10128349035619995,-0.0750373882214191,98552.24362535519,105947.34659036282,135.46700154687997,0.29080848317512853,0.2705101109611199,0.5924902181931482
2024-05-01,2024,VAL-PMI,Valencia–Mallorca,V02,Marina Azul,260,21,26460,14959,0.5653614362985678,3426,75.11772784025132,1123686.0907623195,232014.8038529655,154419.1697602249,338599.22112570546,1848719.2855012154,1609.3255753105059,625,1005828.4845690662,276150.0,128667.0,138472.64334954135,68811.4,66553.89427804375,38823.10499552552,1723306.5271921766,125412.75830903882,369470.0,-244057.24169096118,0.06783764268193782,-0.13201422390354609,88034.25169053406,99656.02510438937,123.5857534261124,0.30420032083146936,0.2687248220101772,0.6399971875365174
2024-05-01,2024,VAL-IBZ,Valencia–Ibiza,V05,Balear Express,165,22,29040,15043,0.5180061796324483,3202,70.07490745114919,1054136.8327876371,186176.00214157676,149471.95849103024,316453.84192327963,1706238.6353435237,1316.455261907174,625,822784.5386919837,247940.0,136708.0,107850.654637624,69197.79999999999,61424.59087236685,35831.011342214,1481736.5955441885,224502.03979933518,356790.0,-132287.96020066482,0.13157716344533207,-0.07753192165527935,77556.3016065238,83569.39070655403,113.424093288807,0.38369784530098267,0.35608953905658314,0.5581681941686618
2024-06-01,2024,DEN-IBZ,Dénia–Ibiza,V01,Levante Star,124,41,33620,20674,0.6149174338991876,4177,62.311411080983014,1288226.112688243,233678.69810764794,222905.3986976417,495877.07567004143,2240687.285163574,1453.4879298323685,625,908429.9561452303,334888.0,225049.0,204562.49548239782,95100.4,80664.74226588865,47054.43298843505,1895749.0268819516,344938.2582816223,292740.0,52198.258281622315,0.15394306049112125,0.02329564621857162,54650.90939423351,53377.78114346224,108.38189441634778,0.5249585084919575,0.5374794393610691,0.6005925349054403
2024-06-01,2024,DEN-FOR,Dénia–Formentera,V03,Costa Dénia,112,38,34200,22495,0.6577445343513392,4562,59.36656952164386,1335450.9813893787,238156.67664052028,242291.05922684073,529970.5918894472,2345869.309146187,1242.963473651408,625,776852.17103213,303240.0,212990.0,156030.24093543665,103476.99999999999,84451.29512926271,49263.255492069926,1686303.9625888993,659565.3465572875,296800.0,362765.3465572875,0.28116031186636986,0.15464004970051856,61733.402872268074,52186.9463839184,104.28403241370023,0.5177276426976032,0.6124345523042468,0.5560308868690036
2024-06-01,2024,DEN-PMI,Dénia–Mallorca,V02,Marina Azul,198,29,36540,22471,0.6149653167188598,4112,77.579608109364,1743291.3738255184,251376.73162449678,230765.96440290628,434965.8591802359,2660399.9290331574,1538.379812789707,625,961487.3829935669,272310.0,177683.0,177325.36629396048,103366.59999999999,95774.39744519367,55868.39850969631,1843815.1452424175,816584.78379074,335470.0,481114.78379073995,0.306940612529449,0.18084302985438233,91737.92858735025,75147.76362904887,118.39259174194105,0.30121758709735796,0.36771656480419374,0.5037531255880613
2024-06-01,2024,BCN-PMI,Barcelona–Mallorca,V05,Balear Express,205,29,38280,23534,0.6147813231707469,5405,70.33600269771982,1655287.4874881383,351123.1141480084,240675.4262764014,500505.18493299035,2747591.2128455387,2080.80772283893,625,1300504.8267743313,373172.0,180206.0,159824.84464628604,108256.4,98913.28366243938,57699.41546975632,2278576.770552813,469014.44229272567,371240.0,97774.44229272567,0.17070022647473515,0.03558551280685809,94744.52458088065,91372.99208802804,116.74986032317238,0.33766811562464166,0.3501275852951983,0.5929040145216371
2024-06-01,2024,BCN-IBZ,Barcelona–Ibiza,V04,Mediterráneo,276,29,42920,25936,0.604283915033527,5730,83.05790022847334,2154189.7003256846,398364.2260827663,265622.80103302596,535615.2813293977,3353792.0087708747,2236.6680521301605,625,1397917.5325813503,408610.0,186934.0,182877.83668367288,119305.59999999999,120736.51231575148,70429.63218418838,2486811.113764963,866980.8950059116,393810.0,473170.8950059116,0.2585076512611913,0.14108534273099516,115648.00030244395,99331.76254361942,129.3103026207154,0.2431741151185356,0.283117901249618,0.5190283117741943
2024-06-01,2024,VAL-PMI,Valencia–Mallorca,V04,Mediterráneo,260,30,44400,26359,0.5936603203483758,5375,78.72505163995946,2075113.6361776914,368804.2852921446,282956.50090412516,521738.6951670553,3248613.1175410165,2297.1795142738993,625,1435737.1964211871,394500.0,193380.0,215754.10629192158,121251.4,116950.07223147659,68220.87546836135,2545793.6504129465,702819.4671280701,385310.0,317509.4671280701,0.21634446506823735,0.09773692823367147,108287.10391803388,97703.45501376488,123.24493029102078,0.2539071076241291,0.2814113927183833,0.5356377842233082
2024-06-01,2024,VAL-IBZ,Valencia–Ibiza,V02,Marina Azul,165,28,35280,21251,0.6023535390821122,4122,71.87571325579042,1527430.7823988022,238709.56305626335,225723.54326419308,390913.9795778279,2382777.8682970866,1530.7926284269004,625,956745.3927668127,315560.0,171556.0,150081.63018917997,97754.59999999999,85780.00325869511,50038.335234238824,1827515.9614489267,555261.9068481599,352470.0,202791.90684815985,0.23303133466024345,0.08510734867329044,85099.2095820388,77856.64148031881,112.12544672237009,0.37449082001115347,0.4093276074172141,0.5510888264068603
2024-07-01,2024,DEN-IBZ,Dénia–Ibiza,V03,Costa Dénia,124,38,34200,28422,0.8310577061796438,6114,67.09689106917294,1907027.8379680333,336734.83339004044,314992.8655306074,480811.4691676078,3039567.0060562887,1403.2238630289403,625,877014.9143930877,310384.0,212990.0,172492.3052243663,130741.2,109424.41221802638,63830.907127182065,1876877.7389626624,1162689.2670936263,298500.0,864189.2670936263,0.38251805759734414,0.2843132805994219,79988.60542253392,57246.78260428059,106.9441631854299,0.5129640018304712,0.7167437761875799,0.5947769633682788
2024-07-01,2024,DEN-FOR,Dénia–Formentera,V01,Levante Star,112,40,32800,30069,0.9167309842809815,6828,58.088171510383475,1746653.2291457206,362018.11856191105,340915.32577910455,517386.5671628467,2966973.240649583,1287.920713247481,625,804950.4457796756,319200.0,219560.0,196045.27809557313,138317.4,106811.03666338498,62306.43805364124,1847190.5985922748,1119782.642057308,291040.0,828742.642057308,0.3774158211862218,0.279322587309842,74174.33101623956,53455.76496480687,98.6721620489402,0.58205318994781,0.8076473324938978,0.6606673138845197
2024-07-01,2024,DEN-PMI,Dénia–Mallorca,V05,Balear Express,198,29,38280,31126,0.8131232481819247,6231,80.9238756520342,2518836.5535452166,387219.952816977,329413.9009299059,425562.75524000666,3661033.1625321065,1508.9420858384185,625,943088.8036490115,272310.0,180206.0,171946.1977566821,143179.59999999998,131797.1938511558,76881.69641317424,1919409.4916700236,1741623.6708620829,339790.0,1401833.6708620829,0.47571917367104954,0.3829065754467306,126242.52284593471,77903.4307472422,117.61977647407655,0.2980694473034978,0.4830215903196155,0.5017730098044618
2024-07-01,2024,BCN-PMI,Barcelona–Mallorca,V04,Mediterráneo,205,28,41440,35873,0.8656586163538615,8178,76.2742124874967,2736184.824563969,516623.5440935536,389853.64974392694,400557.36919303314,4043219.387594483,1999.4930989249644,625,1249683.1868281027,360304.0,180488.0,164709.64738040292,165015.8,145555.89795340138,84907.60713948414,2350664.139301391,1692555.248293092,382760.0,1309795.248293092,0.4186157331670492,0.32394859707881346,144400.69241408867,97622.2906893354,112.70926288836961,0.32176101084158004,0.4759416361703648,0.5852297220368413
2024-07-01,2024,BCN-IBZ,Barcelona–Ibiza,V05,Balear Express,276,30,39600,32252,0.814434363461173,7204,87.90789115396954,2835205.3054978256,517534.4620507212,372266.56707229593,495202.2945182968,4220208.629139139,2493.7111440246777,625,1558569.4650154235,422700.0,186420.0,192932.13413275374,148359.19999999998,151927.510649009,88624.38121192194,2749532.6910091084,1470675.9381300309,382290.0,1088385.9381300309,0.34848417871464976,0.2578986097073702,140673.62097130466,104394.08970030361,130.85106750400408,0.2865450419968808,0.3861265397763083,0.6043928734266294
2024-07-01,2024,VAL-PMI,Valencia–Mallorca,V02,Marina Azul,260,28,35280,30698,0.8701244588342975,7188,80.05056758782335,2457392.323811001,507742.26870355685,334911.3179424483,524718.1540546668,3824764.064511673,2148.4378888632737,625,1342773.680539546,368200.0,171556.0,170304.3431293399,141210.8,137691.50632242023,80320.04535474513,2412056.3753460515,1412707.6891656215,369470.0,1043237.6891656215,0.3693581264981868,0.27275870395389135,136598.7165897026,99340.2276909304,124.59326550627641,0.30323634826291335,0.41696799935806655,0.6327904391640734
2024-07-01,2024,VAL-IBZ,Valencia–Ibiza,V05,Balear Express,165,29,38280,29492,0.7704192386318438,6814,71.66679143097645,2113597.0128823575,406543.61625311297,333741.64194266684,391818.81140798493,3245701.082486122,1670.645160139547,625,1044153.2250872168,326830.0,180206.0,152951.45941699765,135663.19999999998,116845.23896950038,68159.72273220857,2024808.8462059235,1220892.2362801984,356790.0,864102.2362801984,0.3761567085977699,0.26622976494752215,111920.72698228006,82124.09814503185,110.05361055493428,0.37706197495423255,0.513869269891093,0.5653107058198391
2024-08-01,2024,DEN-IBZ,Dénia–Ibiza,V01,Levante Star,124,37,30340,27892,0.9193004859878369,5845,67.11236999550113,1871898.2239145173,329281.0978340648,310318.62640584906,553135.7121148382,3064633.6602692697,1357.2481277006862,625,848280.0798129288,302216.0,203093.0,176339.86929277622,128303.2,110326.8117696937,64357.30686565467,1832916.2677410534,1231717.3925282164,292740.0,938977.3925282164,0.4019134190479371,0.3063913983264526,82827.93676403431,57450.16939840685,109.87500574606588,0.5650095338159603,0.814594185326852,0.6376347246038361
2024-08-01,2024,DEN-FOR,Dénia–Formentera,V03,Costa Dénia,112,38,34200,32539,0.951427555978802,6912,61.109394615831974,1988438.5914045565,371041.2787032267,365448.3959916129,510550.1938046703,3235478.4599040663,1272.5032981261018,625,795314.5613288136,303240.0,212990.0,159528.78523367518,149679.4,116477.22455654638,67945.0476579854,1805175.0187770205,1430303.4411270458,296800.0,1133503.4411270458,0.44206860248096197,0.35033564747040685,85144.16999747543,55315.13207307948,99.43386274636794,0.548761230883725,0.8446842261654308,0.6181085671337816
2024-08-01,2024,DEN-PMI,Dénia–Mallorca,V02,Marina Azul,198,30,37800,32155,0.8506568955220966,6445,81.9346506727664,2634608.6923828037,397391.4242503153,377315.69413712947,449721.49166736397,3859037.3024376123,1561.4582264878459,625,975911.3915549037,281700.0,183810.0,166867.36022082416,147913.0,138925.34288775403,81039.78335118986,1976166.8780146718,1882870.4244229405,335470.0,1547400.4244229405,0.4879119523497739,0.40098094502623866,128634.57674792041,77054.56260048905,120.0135998270133,0.3088606806176409,0.5156107774086918,0.5095596896625599
2024-08-01,2024,BCN-PMI,Barcelona–Mallorca,V05,Balear Express,205,30,39600,34131,0.8618878988892305,7602,75.72242592328386,2584482.1191876014,491934.0726344697,376528.98047557735,426653.8405159403,3879599.012813589,2108.028740750944,625,1317517.96296934,386040.0,186420.0,156112.89753359984,157002.59999999998,139665.5644612892,81471.57926908537,2424230.6042333147,1455368.4085802743,371240.0,1084128.4085802743,0.3751337196894486,0.27944341799232375,129319.9670937863,93182.35347444382,113.66789759496027,0.34435459524923806,0.47790083922315707,0.6210389984974016
2024-08-01,2024,BCN-IBZ,Barcelona–Ibiza,V04,Mediterráneo,276,30,44400,37080,0.8351297349080476,8701,86.93201457737696,3223439.1005291375,610505.3310669143,422836.7392004521,564093.7260892397,4820874.896885744,2521.0014228594227,625,1575625.8892871393,422700.0,193380.0,204692.37286721182,170568.0,173551.49628788678,101238.37283460064,2841756.1312768385,1979118.7656089058,393810.0,1585308.7656089058,0.4105310359510479,0.3288425440438219,160695.82989619148,107852.20437589461,130.01280735937823,0.26403301110432487,0.3933995052296109,0.5605035482742426
2024-08-01,2024,VAL-PMI,Valencia–Mallorca,V04,Mediterráneo,260,28,41440,35713,0.8618026492703107,7623,78.93820748086843,2819120.203764254,530684.2238226847,400121.04255888466,456869.8426154964,4206795.312761321,1974.972110488947,625,1234357.569055592,368200.0,180488.0,185399.67189472678,164279.8,151444.63125940753,88342.70156798774,2372512.373777714,1834282.9389836066,385310.0,1448972.9389836066,0.43602856868726325,0.3444362825517431,150242.68974147574,98493.65620634693,117.79450935965393,0.2559606450268891,0.3904435804092405,0.5649665484624012
2024-08-01,2024,VAL-IBZ,Valencia–Ibiza,V02,Marina Azul,165,29,36540,31551,0.8634751385229368,6255,73.79426037434028,2328282.70907081,372956.5829184161,337589.1295322701,428440.0804838638,3467268.50200536,1643.6414755962155,625,1027275.9222476347,326830.0,177683.0,175683.56375770745,145134.59999999998,124821.66607219295,72812.63854211256,2050241.390619648,1417027.1113857122,352470.0,1064557.1113857122,0.4086868699571861,0.3070304796902823,119560.98282777103,82852.11691791889,109.89409216840544,0.39851908089427074,0.5750889024904812,0.5983619525416065
2024-09-01,2024,DEN-IBZ,Dénia–Ibiza,V03,Costa Dénia,124,38,34200,22484,0.6574225115046979,4943,63.70863762944694,1432425.008460485,277050.00789409934,225880.53286524751,512315.3433076016,2447670.892527433,1422.9580889479944,625,889348.8055924965,310384.0,212990.0,179496.3747849727,103426.4,88116.15213098758,51401.0887430761,1835162.8212515328,612508.0712759004,298500.0,314008.07127590035,0.2502411877127127,0.1282885179680589,64412.391908616664,56149.02161188245,108.86278653831316,0.5031274337982298,0.5771719705073177,0.5730827518249211
2024-09-01,2024,DEN-FOR,Dénia–Formentera,V01,Levante Star,112,38,31160,21782,0.699038136833194,4345,57.56310956836514,1253839.6526181295,236302.34007644572,227251.50704951977,549722.3502121243,2267115.8499562196,1249.4616942413638,625,780913.5589008523,303240.0,208582.0,189013.12843240274,100197.2,81616.1705984239,47609.432849080615,1711171.4907807594,555944.3591754602,291040.0,264904.3591754602,0.24522097500495887,0.11684641487578845,59660.94341990051,52689.776073177876,104.0820792377293,0.5737127185668323,0.6496182863665125,0.6173580366827844
2024-09-01,2024,DEN-PMI,Dénia–Mallorca,V05,Balear Express,198,29,38280,24390,0.6371592347263333,5760,77.7585443635398,1896530.8970267356,365903.6703807101,256695.81321557873,503929.7337243674,3023060.1143473918,1533.9289969077083,625,958705.6230673176,272310.0,180206.0,166687.4652912594,112193.99999999999,108830.1641165061,63484.26240129523,1862417.514876378,1160642.5994710138,339790.0,820852.5994710138,0.38392971213593263,0.27153035944447856,104243.45221887558,75938.19016815096,123.94670415528462,0.2905501613412571,0.3988500620556917,0.46415115869772305
2024-09-01,2024,BCN-PMI,Barcelona–Mallorca,V04,Mediterráneo,205,28,41440,26783,0.6462962141657185,5929,72.45137791273967,1940465.2546369066,371566.1812467173,293551.48060589714,476907.6011834932,3082490.517673014,1949.5153550650714,625,1218447.0969156695,360304.0,180488.0,177488.30151280775,123201.79999999999,110969.6586362285,64732.3008711333,2235631.157935839,846859.359737175,382760.0,464099.35973717505,0.2747321864842176,0.15055986614600383,110088.94705975051,93513.96992627997,115.09130857906187,0.30822007226855624,0.3628508472635152,0.5489899426702589
2024-09-01,2024,BCN-IBZ,Barcelona–Ibiza,V05,Balear Express,276,29,38280,23530,0.6146871559168103,5347,83.30352934000908,1960132.0453704137,368380.790637044,257349.6748383738,549779.4335881365,3135641.944433968,2570.372465093004,625,1606482.7906831275,408610.0,180206.0,189540.0961712543,108237.99999999999,112883.10999962284,65848.48083311334,2671808.4776871176,463833.4667468504,382290.0,81543.4667468504,0.14792296919302103,0.026005350161741846,108125.58429082649,105313.7406099006,133.2614511021661,0.2890693363249358,0.2967873964943634,0.5987020011872685
2024-09-01,2024,VAL-PMI,Valencia–Mallorca,V02,Marina Azul,260,31,39060,25148,0.6438291620499873,5342,76.75459879674959,1930224.6505406587,366492.7801022317,258906.73202201704,597301.6425439989,3152925.8052089065,2365.3973271665436,625,1478373.3294790897,407650.0,189937.0,205170.99366263542,115680.79999999999,113505.32898752062,66211.44190938704,2576528.894038633,576396.9111702736,369470.0,206926.91117027355,0.18281334442377806,0.065630123876817,101707.28403899698,95032.222388343,125.3748133135401,0.2900861489265659,0.31046179499083326,0.6015745743891393
2024-09-01,2024,VAL-IBZ,Valencia–Ibiza,V05,Balear Express,165,30,39600,26052,0.6578777974893878,5991,69.71484351236705,1816211.1031841864,353111.6275668708,263252.6417066716,444077.17476426973,2876652.5472219987,1800.8780813716683,625,1125548.8008572927,338100.0,186420.0,150392.11676371595,119839.2,103559.49169999195,60409.703491661974,2084269.3128126625,792383.2344093362,356790.0,435593.23440933623,0.27545322954436946,0.1514236520604448,95888.41824073328,81368.64376042208,110.41964329886376,0.3735934056952346,0.44025903691796736,0.558259538784063
2024-10-01,2024,DEN-IBZ,Dénia–Ibiza,V01,Levante Star,124,30,24600,13835,0.5623931505597245,3378,62.78481668249544,868627.9388023244,187547.677532363,145060.9250728366,445776.85826617293,1647013.399673697,1133.244381509454,625,708277.7384434086,245040.0,164670.0,142514.21921135738,63640.99999999999,59292.48238825309,34587.28139314764,1418022.7214361667,228990.6782375304,292740.0,-63749.3217624696,0.13903388902779878,-0.03870601281999253,54900.4466557899,57025.42404787222,119.04686661898786,0.5608322585353287,0.5399335823740156,0.5841611470551652
2024-10-01,2024,DEN-FOR,Dénia–Formentera,V03,Costa Dénia,112,30,27000,15614,0.5782922513113689,3587,56.89142119559088,888302.650547956,187980.3047512491,158487.7250466991,400177.3146190057,1634947.99496491,1015.0545626869571,625,634409.1016793482,239400.0,168150.0,141750.29452002535,71824.4,58858.12781873676,34333.90789426311,1348725.8319123732,286222.1630525368,296800.0,-10577.83694746322,0.175064995298936,-0.006469830832564339,54498.26649883033,54850.861063745775,104.71038779075893,0.5441553676958906,0.5406574057423644,0.5820337043491363
2024-10-01,2024,DEN-PMI,Dénia–Mallorca,V02,Marina Azul,198,22,27720,14245,0.5139023904290012,2873,77.06047636533614,1097726.4858242134,183148.14317551217,141707.8769420202,366405.4303181274,1788987.936259873,1188.1553801938962,625,742597.1126211851,206580.0,134794.0,131133.91156229892,65526.99999999999,64403.565705355424,37568.746661457335,1382604.3365502967,406383.5997095762,335470.0,70913.59970957623,0.2271583790325481,0.039638947961734686,81317.63346635786,78094.28802501349,125.5870787125218,0.3130282508618466,0.3259485067594912,0.49353184031737496
2024-10-01,2024,BCN-PMI,Barcelona–Mallorca,V05,Balear Express,205,22,29040,15164,0.5221780987274574,3750,72.93274645497637,1105952.1672432616,243674.11559883965,159268.64739093345,319036.4431614061,1827931.3733944409,1634.3030512450391,625,1021439.4070281495,283096.0,136708.0,119129.89092789387,69754.4,65805.52944219987,38386.55884128326,1734319.7862395262,93611.58715491462,371240.0,-277628.4128450854,0.051211762387490145,-0.15188120127810575,83087.78969974731,95707.26301088756,120.54414227080196,0.3536853769803679,0.3070502206199088,0.6014871356433009
2024-10-01,2024,BCN-IBZ,Barcelona–Ibiza,V04,Mediterráneo,276,21,31080,16825,0.541356287380279,3618,82.35830087370441,1385678.4122000767,252885.54606119293,168377.03511987245,330548.66864512296,2137489.662026265,1649.9250492293768,625,1031203.1557683605,295890.0,135366.0,137527.02692921268,77395.0,76949.62783294554,44887.282902551575,1799218.0934330702,338271.56859319494,393810.0,-55538.43140680506,0.15825647000908785,-0.025983017552541787,101785.22200125072,104429.90921109857,127.04247619769778,0.25565488937303804,0.24918042988947003,0.5554223572974596
2024-10-01,2024,VAL-PMI,Valencia–Mallorca,V04,Mediterráneo,260,20,29600,16203,0.5473885100087427,3612,76.99614336051685,1247568.5108704546,243333.13100270246,161975.9128190974,352424.044044023,2005301.5987362773,1438.3480874730926,625,898967.5546706829,263000.0,128920.0,145522.90225788072,74533.79999999999,72190.85755450597,42111.33357346182,1625246.4480565314,380055.15067974594,385310.0,-5254.849320254056,0.18952518210689764,-0.002620478297910705,100265.07993681387,100527.82240282657,123.76113057682387,0.26124693971628526,0.2605641370499321,0.5488229297197462
2024-10-01,2024,VAL-IBZ,Valencia–Ibiza,V02,Marina Azul,165,20,25200,13600,0.5396662455446757,3084,67.47565813194896,917668.9505945059,183489.61521472383,142725.39392088432,316261.2624769942,1560145.222207108,1119.0059067770972,625,699378.6917356857,225400.0,122540.0,110105.15556003626,62559.99999999999,56165.227999455885,32763.04966634927,1308912.1249615273,251233.09724558075,352470.0,-101236.90275441925,0.16103186656570728,-0.06488940985327078,78007.26111035541,83069.10624807636,114.716560456405,0.39956280061604793,0.3752153011561106,0.5746848697358
2024-11-01,2024,DEN-IBZ,Dénia–Ibiza,V03,Costa Dénia,124,30,27000,12401,0.459277800564283,2632,62.28203771892064,772359.5497523348,143526.55650566492,125359.67524281026,433969.5663718154,1475215.3478726256,1088.0903129021133,625,680056.4455638208,245040.0,168150.0,136188.9728966578,57044.6,53107.752523414514,30979.52230532514,1370567.2932892183,104648.05458340724,298500.0,-193851.94541659276,0.07093747684656197,-0.1314058626736376,49173.84492908752,55635.57644297394,118.95938616826268,0.49852667063596723,0.4406258506190638,0.5196295961542835
2024-11-01,2024,DEN-FOR,Dénia–Formentera,V01,Levante Star,112,30,24600,11587,0.4709983311689369,2313,56.90990996831244,659415.1268028362,124811.69150274342,118118.62964023055,409103.2941971178,1311448.7421429278,951.7574703272113,625,594848.4189545071,239400.0,164670.0,138454.1151917728,53300.2,47212.1547171454,27540.423585001485,1265425.3124484268,46023.429694500985,291040.0,-245016.57030549902,0.03509357873895855,-0.18682893385915952,43714.95807143093,51882.17708161423,113.1827688049476,0.5649191755402246,0.4759903971192392,0.5589944472306727
2024-11-01,2024,DEN-PMI,Dénia–Mallorca,V05,Balear Express,198,20,26400,10307,0.3904122544806839,2356,76.77041035115832,791272.6194893888,144002.88835869735,99921.33621383022,313804.8074926329,1349001.651554549,1055.062068757479,625,659413.7929734243,187800.0,124280.0,117367.55098430486,47412.2,48564.05945596376,28329.03468264553,1213166.6380963384,135835.01345821074,339790.0,-203954.98654178926,0.10069299270440368,-0.15118957512524736,67450.08257772746,77647.83190481692,130.88208514160755,0.2970914903000341,0.2580734717543903,0.44943851735930845
2024-11-01,2024,BCN-PMI,Barcelona–Mallorca,V04,Mediterráneo,205,21,31080,14854,0.477917999424258,3785,71.26791656821922,1058613.6327043283,246625.69866655124,146458.54744535455,362127.99708309065,1813825.8758993247,1385.0359010463123,625,865647.4381539453,270228.0,135366.0,118278.32182138953,68328.4,65297.731532375685,38090.34339388582,1561236.2349015963,252589.64099772833,382760.0,-130170.35900227167,0.139257932282221,-0.07176563127247872,86372.6607571107,92571.2492810284,122.11026497235254,0.3051128849078062,0.2846824678876424,0.51221608634942
2024-11-01,2024,BCN-IBZ,Barcelona–Ibiza,V05,Balear Express,276,22,29040,12396,0.42685466797102317,2864,83.29226183312791,1032490.8776834536,202721.22899437867,116370.62322733506,383867.6916247178,1735450.4215298851,1859.3797373471655,625,1162112.3358419784,309980.0,136708.0,143651.35007337085,57021.6,62476.215175075864,36444.45885212759,1908393.959942553,-172943.5384126678,382290.0,-555233.5384126678,-0.09965340194519043,-0.31993627217722653,78884.11006954023,104121.99817920696,140.00084071715756,0.2857981943873709,0.2165242371254398,0.5634209592031201
2024-11-01,2024,VAL-PMI,Valencia–Mallorca,V02,Marina Azul,260,22,27720,13607,0.4908638090718417,3217,73.81380035163193,1004384.3813846556,219538.9683254913,128764.3121226582,385657.6866484966,1738345.3484813017,1711.3503085200796,625,1069593.9428250496,289300.0,134794.0,136204.1580158259,62592.2,62580.432545326854,36505.25231810734,1791569.9857043095,-53224.637223007856,369470.0,-422694.63722300786,-0.030617988116979945,-0.2431591844464584,79015.69765824098,98229.0902592868,127.75375530839287,0.29984459786107076,0.24119565829743891,0.6102218525600327
2024-11-01,2024,VAL-IBZ,Valencia–Ibiza,V05,Balear Express,165,20,26400,11744,0.4448461860920736,2766,69.95561492622451,821558.7416935806,161111.8486855785,109849.9442951365,287993.83080986945,1380514.365484165,1108.0658571424167,625,692541.1607140105,225400.0,124280.0,114429.03137261877,54022.399999999994,49698.51715742994,28990.801675167466,1289361.9109192265,91152.45456493855,356790.0,-265637.54543506145,0.06602789282310015,-0.19241925479123773,69025.71827420825,82307.59554596132,117.55061014000043,0.3779044790907315,0.31692248978057047,0.5304431577166346
2024-12-01,2024,DEN-IBZ,Dénia–Ibiza,V01,Levante Star,124,31,25420,12704,0.49975396272173184,2793,61.20238954674707,777515.1568018747,152198.67242478466,120761.97064077023,459427.4319869032,1509903.2318543326,1112.3648566888673,625,695228.0354305421,253208.0,170159.0,140213.83894994287,58438.399999999994,54356.51634675597,31707.96786894099,1403311.7585961819,106591.47325815074,292740.0,-186148.52674184926,0.07059490370601056,-0.12328507073478989,48706.55586626879,54711.347051489734,118.85258437140527,0.5380738301680738,0.479018055333092,0.5613661653658721
2024-12-01,2024,DEN-FOR,Dénia–Formentera,V03,Costa Dénia,112,30,27000,13594,0.5034951863977699,3342,55.28008417150885,751477.4642274913,179638.63270271462,137653.39435985705,366514.8603682229,1435284.3516582858,938.4829910763507,625,586551.8694227192,239400.0,168150.0,129808.6566518675,62532.399999999994,51670.23665969828,30140.971384824003,1268254.1341191088,167030.21753917704,296800.0,-129769.78246082296,0.11637430405075844,-0.09041398821835599,47842.81172194286,52168.471137303626,105.58219447243533,0.5175443565208693,0.47463106867006805,0.5490181942487368
2024-12-01,2024,DEN-PMI,Dénia–Mallorca,V02,Marina Azul,198,20,25200,11323,0.4493129315711012,2607,78.02447674418474,883471.1501744038,164921.29949703134,110705.0223165123,284166.4607900983,1443263.9327780455,1031.6270641121123,625,644766.9150700702,187800.0,122540.0,106890.43718820198,52085.799999999996,51957.50158000964,30308.542588338958,1196349.196426621,246914.7363514246,335470.0,-88555.2636485754,0.17108079176908023,-0.061357636422134584,72163.19663890227,76590.95982133105,127.46303389367178,0.30700240428623954,0.28925443578203575,0.47688171106620425
2024-12-01,2024,BCN-PMI,Barcelona–Mallorca,V05,Balear Express,205,22,29040,15048,0.5181708708246185,3243,71.83732561837174,1081008.0759052578,208065.68515890074,144068.9510493222,324809.7493322874,1757952.4614457681,1610.7959188186076,625,1006747.4492616297,283096.0,136708.0,135105.8032643699,69220.79999999999,63286.28861204765,36917.00169036113,1731081.3428284086,26871.11861735955,371240.0,-344368.88138264045,0.01528546374642026,-0.1958920328820644,79906.93006571673,95560.06103765494,116.82299717210049,0.35314139333944916,0.2952953808784802,0.6196764160907227
2024-12-01,2024,BCN-IBZ,Barcelona–Ibiza,V04,Mediterráneo,276,21,31080,15464,0.49755080706531046,3180,84.31570019630611,1303857.9878356778,224737.75183104418,152700.88125346473,379909.9392945018,2061206.5602146885,1636.3362326203853,625,1022710.1453877408,295890.0,135366.0,155485.28505106855,71134.4,74203.43616772878,43285.33776450846,1798074.6043710466,263131.9558436419,393810.0,-130678.04415635811,0.12765918803219553,-0.06339881052132258,98152.6933435566,104375.45735100222,133.2906466771009,0.25552158575940614,0.24028763548657608,0.5290949364071752
2024-12-01,2024,VAL-PMI,Valencia–Mallorca,V04,Mediterráneo,260,20,29600,15167,0.5124110265451868,3534,74.52543981889188,1130327.3457331331,247004.33852819412,150275.1143526156,324963.6331191952,1852570.431733138,1524.217589522069,625,952635.9934512931,263000.0,128920.0,135056.21525658065,69768.2,66692.53554239296,38903.9790663959,1654976.9233166624,197593.5084164755,385310.0,-187716.4915835245,0.10665910727702836,-0.10132758699376943,92628.52158665689,102014.34616583312,122.14481649193235,0.26511004720850606,0.2407186111919358,0.5643323994140109
2024-12-01,2024,VAL-IBZ,Valencia–Ibiza,V02,Marina Azul,165,20,25200,12246,0.48596083579479343,2393,68.51267759113908,839006.2497810891,138169.07622163076,125030.99797715005,307666.93865488545,1409873.2626347553,1098.1845407749674,625,686365.3379843547,225400.0,122540.0,117451.10625444684,56331.6,50755.43745485119,29607.338515329862,1288450.8202089826,121422.44242577278,352470.0,-231047.55757422722,0.08612294852578442,-0.16387824614990437,70493.66313173776,82046.04101044913,115.12928814590522,0.3946418519021122,0.3390748587385174,0.5655992452623858
2025-01-01,2025,DEN-IBZ,Dénia–Ibiza,V01,Levante Star,124,31,25420,11109,0.4370365007254403,2526,64.32309998731428,714565.3177590743,136013.6851374712,112741.13758573844,464460.74267333373,1427780.8831556176,1164.011396014308,665,774067.5783495149,262070.27999999997,174412.97499999998,155491.7042188833,51101.399999999994,51400.11179360223,29983.398546267974,1498527.447908268,-70746.56475265045,292740.0,-363486.56475265045,-0.04955001540312653,-0.25458147608006115,46057.4478437296,57782.82090026671,128.5246991768492,0.5682810867453453,0.4529646719485602,0.5482978981809876
2025-01-01,2025,DEN-FOR,Dénia–Formentera,V03,Costa Dénia,112,32,28800,14358,0.49854782646435886,3573,56.68424439355095,813872.3810026045,193556.80332333833,134568.88008468627,411965.57128566544,1553963.6356962945,994.1243640776589,665,661092.7021116432,264297.6,183843.99999999997,131403.9891549606,66046.79999999999,55942.6908850666,32633.236349622188,1395261.0185012927,158702.6171950018,296800.0,-138097.3828049982,0.10212762612291819,-0.08886783424833491,48561.3636155092,52876.906828165396,108.2298116517826,0.5245724883746568,0.48175955967767065,0.5428526920714611
2025-01-01,2025,DEN-PMI,Dénia–Mallorca,V02,Marina Azul,198,22,27720,11124,0.4012807069192905,2740,79.2010218535634,881032.1670990393,176706.1450094618,111608.01837765075,318003.52855181444,1487349.8590379662,1127.438156407709,665,749746.3740111265,213810.3,138163.84999999998,138570.15350741328,51170.399999999994,53544.59492536678,31234.347039797292,1376240.0194837037,111109.83955426258,335470.0,-224360.16044573742,0.07470323063474091,-0.1508455855778653,67606.81177445302,77805.0008856229,133.70638790344896,0.3118686904185622,0.2709909081868407,0.4618121301356306
2025-01-01,2025,BCN-PMI,Barcelona–Mallorca,V05,Balear Express,205,21,27720,12468,0.44979895292339744,3149,70.98957837610041,885098.06319322,205707.35955410343,127221.00203381534,342326.9829716918,1560353.4077528303,1494.3535038087182,665,993745.0800327976,279685.98,133756.34999999998,107775.90353996732,57352.799999999996,56172.722679101884,32767.42156280944,1661256.2578146763,-100902.85006184597,371240.0,-472142.85006184597,-0.06466666433417986,-0.30258712399123133,74302.54322632526,96785.53608641315,125.14865317234764,0.3576701259660501,0.274584416948726,0.5859023244627556
2025-01-01,2025,BCN-IBZ,Barcelona–Ibiza,V04,Mediterráneo,276,22,32560,12373,0.38,2942,86.18535820986301,1066371.4371306351,203951.19821806747,116360.78692499016,429603.4193347004,1816286.841608393,1808.676437387572,665,1202769.8308627354,320829.3,145357.3,142784.32082416196,56915.799999999996,65386.326297902146,38142.02367377625,1972184.9016585757,-155898.06005018274,393810.0,-549708.0600501827,-0.08583339177424691,-0.30265487116748296,82558.4928003815,107545.22280266254,146.79437821129824,0.263281489430725,0.20211146886109846,0.49500885104364356
2025-01-01,2025,VAL-PMI,Valencia–Mallorca,V04,Mediterráneo,260,22,32560,13706,0.42095095073812855,3051,78.80812851285366,1080144.2093971723,217410.4751300312,133688.51334117772,379969.3915248149,1811212.5893931962,1639.6970462198824,665,1090398.5357362218,299425.5,145357.3,142670.4722447392,63047.6,65203.65321815506,38035.46437725712,1844138.5255763733,-32925.93618317717,385310.0,-418235.93618317717,-0.018178946180033025,-0.23091487914364442,82327.84497241801,101338.56934438062,132.1474237117464,0.2633538704375796,0.21394970107177236,0.5181547886532257
2025-01-01,2025,VAL-IBZ,Valencia–Ibiza,V02,Marina Azul,165,21,26460,11284,0.42647081242270074,2357,68.27029670459152,770362.0280146106,137752.05119755666,114042.93409161767,302422.299974044,1324579.313277829,1181.3947510812247,665,785627.5094690145,244953.44999999998,131883.675,125419.67180820112,51906.399999999994,47684.855278001836,27816.16557883441,1415291.7271340517,-90712.41385622276,352470.0,-443182.41385622276,-0.06848394274839165,-0.3345835235487071,63075.20539418233,84179.12986352628,117.38561797924751,0.4049020195455809,0.30339204133805836,0.5691609195337677
2025-02-01,2025,DEN-IBZ,Dénia–Ibiza,V03,Costa Dénia,124,31,27900,14288,0.5121298020966333,2878,64.45611017932373,920948.9022421774,162259.9149955218,139976.8610091814,436221.5660499153,1659407.244296796,1160.3678508281014,665,771644.6208006875,262070.27999999997,178098.87499999997,134686.93039100175,65724.79999999999,59738.66079468465,34847.55213023272,1506811.7191166067,152595.52518018917,298500.0,-145904.47481981083,0.09195785163927876,-0.08792565858758832,53529.26594505793,58235.86190698732,116.13992471282167,0.5218267195966605,0.479652920654641,0.557159152228311
2025-02-01,2025,DEN-FOR,Dénia–Formentera,V01,Levante Star,112,32,26240,12544,0.4780529871580991,2572,58.57317662734428,734741.9276134067,137026.64560221107,125739.01887741889,455054.8750778218,1452562.4671708585,1015.4626606763655,665,675282.6693497831,264297.6,180039.19999999998,149787.37235924293,57702.399999999994,52292.2488181509,30503.81181058803,1409905.302337765,42657.16483309353,291040.0,-248382.83516690647,0.029366836743466504,-0.1709963191123059,45392.57709908933,53154.540698055156,115.79739055890136,0.578773308994503,0.49425715482457894,0.5597982883027764
2025-02-01,2025,DEN-PMI,Dénia–Mallorca,V05,Balear Express,198,22,29040,12579,0.4331750401240001,2589,78.68525838720682,989781.8652526746,161693.22296815828,118144.31647795353,329403.01326221804,1599022.4179610044,1155.4475444696134,665,768372.617072293,213810.3,140125.69999999998,131137.3224630933,57863.399999999994,57564.80704659616,33579.47077718109,1402453.6173591632,196568.80060184118,339790.0,-143221.19939815882,0.12293060959864224,-0.08956797465090421,72682.83718004565,79192.89169814378,127.1184051165438,0.3030031056708899,0.2780947244415582,0.47197365113723094
2025-02-01,2025,BCN-PMI,Barcelona–Mallorca,V04,Mediterráneo,205,21,31080,13463,0.43318677620117724,3087,73.51434476203531,989723.6235312814,195609.39806454428,136253.09625654633,325292.05797946424,1646878.1758318364,1385.729698663335,665,921510.2496111178,279685.98,138750.15,127454.89977264809,61929.799999999996,59287.614329946104,34584.441692468565,1623203.1354061803,23675.04042565613,382760.0,-359084.95957434387,0.014375708399741161,-0.21803978268943325,78422.7702777065,95522.05406696096,122.32624049853943,0.31483867523718184,0.2584797965646226,0.527638726748018
2025-02-01,2025,BCN-IBZ,Barcelona–Ibiza,V05,Balear Express,276,22,29040,11157,0.38417774547806305,2512,87.05038968620934,971221.1977290376,182910.39352380153,108143.14587241576,352196.24158539233,1614470.9787106472,1894.3549910285556,665,1259746.0690339894,320829.3,140125.69999999998,126837.99303830625,51322.2,58120.95523358329,33903.89055292359,1990886.1078588024,-376415.1291481552,382290.0,-758705.1291481552,-0.23315075595150606,-0.4699403948122215,73385.0444868476,107871.64126630919,144.7047574357486,0.29609036359878455,0.2014301835936748,0.5647183868660931
2025-02-01,2025,VAL-PMI,Valencia–Mallorca,V02,Marina Azul,260,22,27720,11501,0.4148978373370076,2409,76.8113891243221,883407.7863188286,163281.81304396107,110953.68449301066,426725.6520382259,1584368.9358940262,1669.0252381104165,665,1109901.7833434269,299425.5,138163.84999999998,135900.62718818022,52904.6,57037.28169218494,33271.74765377455,1826605.3898775666,-242236.4539835404,369470.0,-611706.4539835404,-0.1528914437134249,-0.3860883914884176,72016.76981336482,99821.60863079848,137.75923275315418,0.30470576505127744,0.2198314096867058,0.575085075986476
2025-02-01,2025,VAL-IBZ,Valencia–Ibiza,V05,Balear Express,165,22,29040,13633,0.4694414236398636,3000,68.53475869764563,934334.3653250028,183124.07720748236,131908.50130886264,290173.06340001896,1539540.0072413667,1253.740541719511,665,833737.4602434748,256617.9,140125.69999999998,107997.20922828538,62711.799999999996,55423.440260689196,32330.3401520687,1488943.8498845182,50596.157356848475,356790.0,-306193.8426431515,0.03286446413790148,-0.19888657729123044,69979.09123824394,83896.99317656901,112.92745597017286,0.38520198887313595,0.3212997761168225,0.5628070216263186
2025-03-01,2025,DEN-IBZ,Dénia–Ibiza,V01,Levante Star,124,33,27060,13623,0.5034472712414865,3306,64.25033501762452,875282.3139450989,179541.81517929534,134096.29865710402,472916.51739815605,1661836.945179654,1156.7889883313187,665,769264.6772403269,278978.04,185665.425,158940.13845074712,62665.799999999996,59826.130026467545,34898.575848772736,1550238.7865663143,111598.15861333976,292740.0,-181141.84138666024,0.0671534947739866,-0.10900097143229523,50358.695308474365,55847.84201716104,121.98759048518345,0.5492510033159033,0.49526647628318615,0.5583235128717468
2025-03-01,2025,DEN-FOR,Dénia–Formentera,V03,Costa Dénia,112,30,27000,14033,0.5197383703397722,3275,56.945293986828794,799113.3105171685,177374.68175707688,136103.59747263943,420044.34159950976,1532635.9313463946,1009.4624300935598,665,671292.5160122173,247778.99999999997,172353.74999999997,123386.16911811099,64551.799999999996,55174.8935284702,32185.354558274288,1366723.483217073,165912.44812932168,296800.0,-130887.55187067832,0.10825300695095307,-0.08540028926223583,51087.864378213155,55450.78277390243,109.2165560711462,0.5501069719633178,0.5068240513711623,0.5641241775074718
2025-03-01,2025,DEN-PMI,Dénia–Mallorca,V02,Marina Azul,198,22,27720,12608,0.45483001727097727,2274,78.1983600198792,985924.923130637,142813.19285777275,129357.4991437858,365269.458119584,1623365.0732517797,1126.5313428916381,665,749143.3430229394,213810.3,138163.84999999998,123587.84652669799,57996.799999999996,58441.14263706406,34090.666538287376,1375233.9487249886,248131.12452679104,335470.0,-87338.87547320896,0.15284986021644348,-0.053801130079914515,73789.32151144453,77759.2703965904,128.7567475612135,0.31168538719172034,0.2957724928308663,0.4793003861944229
2025-03-01,2025,BCN-PMI,Barcelona–Mallorca,V05,Balear Express,205,22,29040,14696,0.5060665890526099,3397,70.82919354222149,1040905.828296487,221702.33143601252,148706.68101141887,336266.59025410836,1747581.4309980269,1584.351855635613,665,1053593.9839976826,293004.36,140125.69999999998,130021.26777528484,67601.59999999999,62912.93151592896,36699.210050958565,1783959.053339855,-36377.62234182819,371240.0,-407617.6223418282,-0.02081598127364702,-0.23324671177642448,79435.5195908194,97963.59333362976,118.91544848925061,0.36202362651008785,0.2935532874753119,0.6241049568890422
2025-03-01,2025,BCN-IBZ,Barcelona–Ibiza,V04,Mediterráneo,276,22,32560,14839,0.45574723730648836,3020,86.2534943350178,1279915.6024373292,215505.98508751273,144075.28907259065,421105.3088315869,2060602.1854290196,1781.6300961876266,665,1184784.0139647718,320829.3,145357.3,153789.64561191574,68259.4,74181.6786754447,43272.645894009416,1990473.9841461417,70128.20128287794,393810.0,-323681.79871712206,0.03403286756598153,-0.1570811683137816,93663.73570131908,108376.54473391552,138.8639521146317,0.26531664887856327,0.22929821705179954,0.5273365457983697
2025-03-01,2025,VAL-PMI,Valencia–Mallorca,V04,Mediterráneo,260,21,31080,16807,0.540750428035622,3302,77.83569773806278,1308184.5718836212,232110.02223672895,168430.65483556295,323371.8254648838,2032097.074420797,1556.338620772785,665,1034965.1828139019,285815.25,138750.15,131447.25362723423,77312.2,73155.49467914869,42674.03856283674,1784119.5696831215,247977.50473767542,385310.0,-137332.49526232458,0.12203034385468803,-0.06758166083255057,96766.52735337129,103306.16998491055,120.90778094965175,0.268467177715464,0.25147226443183807,0.577295240058182
2025-03-01,2025,VAL-IBZ,Valencia–Ibiza,V02,Marina Azul,165,21,26460,13443,0.5080505333130286,3343,71.29455253104099,958412.6696747841,199400.08115444775,138793.6834553399,283948.1308254299,1580554.5651100017,1192.2924448285546,665,792874.4758109888,244953.44999999998,131883.675,124889.28320238755,61837.799999999996,56899.964343960055,33191.645867310035,1446530.2942246466,134024.27088535507,352470.0,-218445.72911464493,0.08479572540162661,-0.13820828077481892,75264.50310047627,85666.68067736413,117.5745417771332,0.41205714611526756,0.3620226219359128,0.5782673240689522
2025-04-01,2025,DEN-IBZ,Dénia–Ibiza,V03,Costa Dénia,124,30,27000,14996,0.5554131130835229,3352,65.02474943546449,975111.1425342255,189251.44270819245,145691.320578136,398260.77686231723,1708314.6826828711,1146.3240387477106,665,762305.4857672275,253616.4,172353.74999999997,124587.24830186409,68981.59999999999,61499.32857658336,35874.608336340294,1479218.4209820156,229096.26170085557,298500.0,-69403.73829914443,0.13410659290305044,-0.04062702206021397,56943.8227560957,59257.280699400515,113.9180236518319,0.5309792177365638,0.51024930785032,0.5779778938812993
2025-04-01,2025,DEN-FOR,Dénia–Formentera,V01,Levante Star,112,32,26240,15200,0.5792520731966677,2883,58.09517898883497,883046.7206302915,152673.72180759374,153671.41594545468,384010.0557212547,1573401.9141045946,973.2951428396291,665,647241.2699883534,264297.6,180039.19999999998,142535.9000154397,69920.0,56642.468907765404,33041.44019619649,1393717.879107755,179684.0349968397,291040.0,-111355.9650031603,0.11420097648673312,-0.07077401139843645,49168.80981576858,52648.68372211734,103.5132838226707,0.5732652844307202,0.5353746713389436,0.6202480660276566
2025-04-01,2025,DEN-PMI,Dénia–Mallorca,V05,Balear Express,198,21,27720,15410,0.555912195975987,3265,82.0057890255487,1263709.2088837053,201814.91899290873,157001.4545074039,360379.562132983,1982905.1445170008,1134.0640284110152,665,754152.5788933252,204091.65,133756.34999999998,124316.03067946085,70886.0,71384.58520261203,41641.00803485702,1400228.202810255,582676.9417067457,339790.0,242886.94170674565,0.2938501336374691,0.12249044911621754,94424.05450080957,82858.00965763119,128.67651813867624,0.31702636079595653,0.3612796698071991,0.4878182614217056
2025-04-01,2025,BCN-PMI,Barcelona–Mallorca,V04,Mediterráneo,205,20,29600,16869,0.5698884761502508,3563,73.84068961996809,1245618.5931992417,220513.65547836391,164825.7097309059,312496.5211128027,1943454.4795213141,1352.8601995858955,665,899652.0327246205,266367.6,132143.0,123170.55819046368,77597.4,69964.3612627673,40812.5440699476,1609707.496247799,333746.98327351524,382760.0,-49013.016726484755,0.17172873704544878,-0.025219534207231338,97172.72397606571,99623.37481238994,115.20863593107559,0.3283565418997691,0.32027924843792255,0.584260798068829
2025-04-01,2025,BCN-IBZ,Barcelona–Ibiza,V05,Balear Express,276,22,29040,14434,0.49704871092010083,3278,86.80611605745557,1252959.4791733136,231538.9409564873,152518.56379220376,355896.1608609225,1992913.1447829271,1855.996088987726,665,1234237.3991768376,320829.3,140125.69999999998,130296.09670597933,66396.4,71744.87321218537,41851.176040441474,2005480.945135444,-12567.800352516817,382290.0,-394857.8003525168,-0.006306245902094109,-0.19813096290030527,90586.96112649668,108535.04296070199,138.0707457934687,0.2979112949075044,0.2486466873256936,0.595529450623056
2025-04-01,2025,VAL-PMI,Valencia–Mallorca,V02,Marina Azul,260,21,26460,13855,0.5236064792373462,3232,79.55150054069246,1102186.039991294,218648.0009974534,137797.38648955183,392267.4503538584,1850898.8778321575,1638.232126207879,665,1089424.3639282396,285815.25,131883.675,129636.85119491142,63732.99999999999,66632.35960195767,38868.87643447531,1805994.3761595841,44904.50167257339,369470.0,-324565.4983274266,0.02426091571526978,-0.1753556081397434,88138.0418015313,103593.54172188496,133.5906804642481,0.31621960232565616,0.26904164164081595,0.6154238118299209
2025-04-01,2025,VAL-IBZ,Valencia–Ibiza,V05,Balear Express,165,21,27720,15642,0.5642909625558573,3523,70.86124724887583,1108411.6294669157,214107.85483962047,158091.884824032,281934.5181768149,1762545.8873073831,1200.5897611886455,665,798392.1911904493,244953.44999999998,133756.34999999998,118563.21268637234,71953.2,63451.651943065786,37013.463633455045,1468083.5194533425,294462.3678540406,356790.0,-62327.63214595942,0.16706649737436718,-0.035362274874543256,83930.75653844682,86898.73902158774,112.68034057712461,0.39898410937368106,0.38535700890012314,0.5842455746829781
2025-05-01,2025,DEN-IBZ,Dénia–Ibiza,V01,Levante Star,124,31,25420,14625,0.5753503152551646,3145,66.03345326145214,965739.2539487375,174044.9855817465,142221.06205507877,427202.5434107669,1709207.8449963296,1122.1783765523176,665,746248.6204072912,262070.27999999997,174412.97499999998,154781.22670767287,67275.0,61531.48241986786,35893.364744922925,1502212.9492797547,206994.89571657497,292740.0,-85745.10428342503,0.12110574867916048,-0.05016657543109344,55135.73693536547,57901.70804128241,116.86891247838152,0.5694503151188278,0.5422476095138224,0.6042136702447162
2025-05-01,2025,DEN-FOR,Dénia–Formentera,V03,Costa Dénia,112,32,28800,19548,0.6787535415330465,4543,58.134394296052506,1136411.1396992344,246045.50308198892,204903.75176580297,374603.358679222,1961963.7532262483,1004.9450555459193,665,668288.4619380364,264297.6,183843.99999999997,148757.85630988874,89920.79999999999,70630.69511614494,41201.23881775122,1466940.652181821,495023.10104442737,296800.0,198223.10104442737,0.25231001349052073,0.10103300874874462,61311.36728832026,55116.895380681904,100.3664698806143,0.5467945970305744,0.6082476913523835,0.6101770290330968
2025-05-01,2025,DEN-PMI,Dénia–Mallorca,V02,Marina Azul,198,21,26460,15180,0.5736988514388683,3169,81.16358417118491,1232063.207718587,204601.56835350953,159136.48813396186,339733.6826686627,1935534.946874721,1096.338693844448,665,729065.231406558,204091.65,131883.675,124585.29782912381,69828.0,69679.25808748994,40646.23388436914,1369779.346207541,565755.60066718,335470.0,230285.60066718003,0.2922993467933488,0.11897775394808485,92168.33080355814,81202.3498194067,127.50559597330178,0.3254864110125329,0.36944176207935764,0.5054414506520758
2025-05-01,2025,BCN-PMI,Barcelona–Mallorca,V05,Balear Express,205,20,26400,14785,0.5600423242599498,3172,73.60426160406902,1088239.0078161606,207126.77655029096,144010.90808438524,306360.0983428696,1745736.7907937064,1504.952965614261,665,1000793.7221334836,266367.6,127386.99999999999,104599.64349583579,68011.0,62846.52446857343,36660.472606667834,1666665.9627045607,79070.82808914571,371240.0,-292169.1719108543,0.045293671134235436,-0.16736152520336034,87286.83953968532,101895.29813522803,118.07485903237784,0.3765532081863564,0.3225677736130278,0.6537718618265299
2025-05-01,2025,BCN-IBZ,Barcelona–Ibiza,V04,Mediterráneo,276,22,32560,18560,0.5700254186403451,4034,88.27543412040697,1638392.0572747535,294600.1069955462,194421.04101152433,354525.2415393333,2481938.4468211574,1836.5357087584139,665,1221296.2463243452,320829.3,145357.3,149332.69076611017,85376.0,89349.78408556165,52120.707383244306,2063662.0285592615,418276.4182618959,393810.0,24466.418261895888,0.16852811913914315,0.009857786075731345,112815.38394641624,111703.27402542098,133.7251318330365,0.27346081576924447,0.27618337237175933,0.5644062300056594
2025-05-01,2025,VAL-PMI,Valencia–Mallorca,V04,Mediterráneo,260,22,32560,17661,0.5424167090403206,3861,80.19006802939272,1416236.7914671048,263907.84786459326,184135.07229096492,342340.95884965855,2206620.6704723216,1621.3312719965259,665,1078185.2958776897,299425.5,145357.3,147685.5881625091,81240.59999999999,79438.34413700357,46339.034079918754,1877671.6622571214,328949.00821520016,385310.0,-56360.991784799844,0.14907365485015123,-0.025541767345420505,100300.93956692371,102862.80282986915,124.943132918426,0.26731497616909866,0.26065732735687036,0.5562709904268971
2025-05-01,2025,VAL-IBZ,Valencia–Ibiza,V02,Marina Azul,165,21,26460,15392,0.5816935570897197,3148,71.0608480022681,1093768.5724509107,184017.24554423537,154444.09494812207,275081.8475154687,1707311.760458737,1153.361151020136,665,766985.1654283905,244953.44999999998,131883.675,113103.3559506155,70803.2,61463.22337651452,35853.54696963348,1425045.6167251542,282266.1437335827,352470.0,-70203.85626641731,0.16532782721401784,-0.04111952948040038,81300.56002184462,84643.60079643592,110.92202185932543,0.4071361269669837,0.3910560847611574,0.6056125224590294
2025-06-01,2025,DEN-IBZ,Dénia–Ibiza,V03,Costa Dénia,124,38,34200,21930,0.6412254769041673,4547,66.95592873738754,1468343.5172109087,256410.43268867268,234436.73334092775,541391.0095249092,2500581.6927654184,1391.6883298962985,665,925472.7393810385,321247.44,218314.74999999997,154477.21169021784,100877.99999999999,90020.94093955506,52512.21554807379,1862923.297558885,637658.3952065334,298500.0,339158.3952065334,0.25500402448413534,0.13563179966796232,65804.78138856364,56879.560462075926,114.0256129851992,0.5096734808429743,0.5896485787505703,0.5542549114787078
2025-06-01,2025,DEN-FOR,Dénia–Formentera,V01,Levante Star,112,39,31980,23009,0.7194785513787606,5542,58.50505529438991,1346142.8172686175,292852.283404315,244784.00477268198,548913.4397193155,2432692.5451649297,1272.2208053202662,665,846026.835537977,322112.69999999995,219422.775,193211.09918081682,105841.4,87576.93162593746,51086.543448463526,1825278.2847931948,607414.2603717349,291040.0,316374.26037173485,0.24968805103587552,0.1300510666670726,62376.73192730589,54264.57140495371,105.72786931917639,0.5908598802804194,0.6791891542607349,0.6259095983278725
2025-06-01,2025,DEN-PMI,Dénia–Mallorca,V05,Balear Express,198,30,39600,24974,0.630655160678343,5853,83.20231579301404,2077894.6346147326,363949.8664215657,271399.81180775823,436252.6219166889,3149496.9347607456,1571.7904430355068,665,1045240.644618612,291559.5,191080.49999999997,167965.68048001346,114880.4,113381.88965138684,66139.43562997566,1990248.0503799878,1159248.8843807578,339790.0,819458.8843807578,0.3680743015134324,0.2601872303276297,104983.23115869152,77667.93501266626,126.11103286460902,0.2971684076089159,0.40168055998887175,0.46656674112961866
2025-06-01,2025,BCN-PMI,Barcelona–Mallorca,V04,Mediterráneo,205,30,44400,30076,0.6773979880238136,5976,72.56772917056091,2182547.0225337897,384107.58449257317,317012.69732806477,486141.48593531677,3369808.7902897443,2144.135756136059,665,1425850.2778304794,399551.39999999997,198214.49999999997,190103.29150227885,138349.59999999998,121313.11645043078,70765.98459608463,2544148.170379274,825660.6199104702,382760.0,442900.6199104702,0.2450170532790016,0.13143197358458683,112326.95967632481,97563.60567930914,112.04311711297194,0.32156758628645066,0.37022728963851287,0.5883662335556155
2025-06-01,2025,BCN-IBZ,Barcelona–Ibiza,V05,Balear Express,276,30,39600,23207,0.5860365468300794,4474,85.66815485465554,1988100.8697119912,319868.45005135203,241538.0313395592,547808.5991548366,3097315.950257739,2445.9770572097013,665,1626574.7430444513,437494.49999999994,191080.49999999997,202173.5010175189,106752.2,111503.3742092786,65043.634955412526,2740622.453226662,356693.4970310773,382290.0,-25596.502968922723,0.11516212835871507,-0.008264091678084293,103243.8650085913,104097.08177422205,133.4647283258387,0.28572980284975313,0.2833878595975826,0.5908796065797912
2025-06-01,2025,VAL-PMI,Valencia–Mallorca,V02,Marina Azul,260,28,35280,23099,0.654721595925199,5128,80.59686997769273,1861707.0996147245,357644.8730317785,239496.6656553382,515756.5814795143,2974605.2197813555,2064.5168431872785,665,1372903.7007195402,381086.99999999994,175844.9,170195.34363184753,106255.4,107085.78791212878,62466.70961540847,2375838.841878925,598766.3779024305,369470.0,229296.37790243048,0.20129272076865448,0.07708464181316962,106235.90070647698,98046.74435281874,128.77636346947295,0.2992879864249657,0.32428541119193216,0.6042526162159582
2025-06-01,2025,VAL-IBZ,Valencia–Ibiza,V05,Balear Express,165,31,40920,26564,0.6491805355706759,6329,70.64067789892546,1876498.9677070559,385501.3490214482,283098.3422511391,434335.2759465567,2979433.9349261997,1807.3292985804705,665,1201873.9835560129,361597.94999999995,197449.84999999998,153903.4105879094,122194.4,107259.62165734319,62568.1126334502,2206847.328434716,772586.6064914837,356790.0,415796.60649148375,0.2593065069961421,0.13955557182098854,96110.77209439354,82697.97833660374,112.1605908344451,0.3796968702323404,0.4412799453369768,0.5585837747140546
2025-07-01,2025,DEN-IBZ,Dénia–Ibiza,V01,Levante Star,124,38,31160,28058,0.9004525616651559,6290,66.12820675118351,1855425.225024707,350228.1303708206,311523.496776963,459542.6885943754,2976719.540766866,1442.2170177771993,665,959074.3168218376,321247.44,213796.55,195919.65489362637,129066.79999999999,107161.90346760716,62511.11035610419,1988777.7755391754,987941.7652276906,292740.0,695201.7652276906,0.3318894345596212,0.23354627659970675,78334.72475702279,60039.94146155725,106.09165089339461,0.5904793613449769,0.7704044527637961,0.6901552186335909
2025-07-01,2025,DEN-FOR,Dénia–Formentera,V03,Costa Dénia,112,37,33300,31693,0.9517439404692727,7083,62.567777324344604,1982960.5667404535,378324.111827454,334740.2862844438,524909.2435651293,3220934.208417481,1160.0929264362287,665,771461.7960800921,305594.1,212569.62499999997,155025.92257896828,145787.8,115953.6315030293,67639.6183767671,1774032.4935388567,1446901.714878624,296800.0,1150101.714878624,0.4492180284519131,0.357070849777989,87052.27590317516,55968.445771320454,101.62919914231789,0.5552425175726236,0.8636138482457852,0.6119039228748577
2025-07-01,2025,DEN-PMI,Dénia–Mallorca,V02,Marina Azul,198,28,35280,28853,0.817837508083104,6086,81.56757265396692,2353469.1737849074,393017.1608746441,311288.41363551887,471702.0482027584,3529476.7964978293,1493.1040328749625,665,992914.1818618501,272122.19999999995,175844.9,165119.4282089376,132723.8,127061.16467392184,74119.01272645441,1939904.687471164,1589572.1090266653,335470.0,1254102.1090266653,0.4503704658446656,0.35532238383634224,126052.74273206534,81263.38169539871,122.32616353577892,0.3257310473601039,0.5052619157129442,0.5272415351202416
2025-07-01,2025,BCN-PMI,Barcelona–Mallorca,V05,Balear Express,205,27,35640,31754,0.8909726239916914,7026,75.5476208164194,2398939.1514045815,459305.92644358217,336200.04857635737,418777.93710721965,3613223.0635317406,1880.977406339671,665,1250849.9752158811,359596.25999999995,171972.44999999998,148604.20767865624,146068.4,130076.03028714265,75877.68433416655,2283045.0075158463,1330178.0560158943,371240.0,958938.0560158943,0.36814169306107364,0.26539686013145874,133823.0764271015,98306.85213021653,113.78796572185364,0.3632921364753013,0.4945420414896582,0.6545112871212097
2025-07-01,2025,BCN-IBZ,Barcelona–Ibiza,V04,Mediterráneo,276,30,44400,37910,0.8538300706337341,8325,91.53527867514175,3470102.414574624,585981.7401016712,439115.1091986706,587201.0897820743,5082400.35365704,2409.185845536826,665,1602108.5872819894,437494.49999999994,198214.49999999997,203995.41075865531,174386.0,182966.41273165343,106730.40742679784,2905895.8181990962,2176504.5354579436,393810.0,1782694.5354579436,0.4282434251547776,0.350758384111792,169413.34512190134,109990.19393996987,134.064899859062,0.2692670239423469,0.4147408566439026,0.5543420147521883
2025-07-01,2025,VAL-PMI,Valencia–Mallorca,V04,Mediterráneo,260,29,42920,38684,0.9012944111781714,9430,83.53053020374337,3231295.0304016084,641304.6379890785,427932.8403165924,454432.0639893362,4754964.572696616,2163.179215068267,665,1438514.1780203974,394697.24999999994,191607.34999999998,189285.08833939125,177946.4,171178.72461707817,99854.25602662894,2663083.247003495,2091881.3256931207,385310.0,1706571.3256931207,0.43993625897969235,0.35890305797279515,163964.29561022815,105117.0085173619,122.91812048124848,0.2731730990575933,0.4261026393197197,0.5778170908725359
2025-07-01,2025,VAL-IBZ,Valencia–Ibiza,V02,Marina Azul,165,28,35280,29217,0.8281496848659782,6070,72.3738267142188,2114546.0951093305,365580.1593650666,331075.7994476689,439773.8599521089,3250975.913874175,1638.4560769856091,665,1089573.29119543,326604.6,175844.9,167076.90117531817,134398.19999999998,117035.13289947029,68270.49419135768,2078803.5194615761,1172172.3944125988,352470.0,819702.3944125988,0.3605601596154939,0.25214040833534285,116106.2826383634,86831.19712362772,111.27001108512766,0.4176584758231251,0.5584717779623058,0.6193396851610848
2025-08-01,2025,DEN-IBZ,Dénia–Ibiza,V03,Costa Dénia,124,41,36900,35424,0.96,8445,69.50964292200364,2462309.590869057,457657.4834370691,382923.93135709135,572780.7707305432,3875671.776393761,1495.6958746130263,665,994637.7566176625,346609.07999999996,235550.12499999997,174312.35414380426,162950.4,139524.1839501754,81389.10730426898,2134973.007015911,1740698.76937785,298500.0,1442198.76937785,0.44913472290925965,0.3721158169693587,94528.57991204294,59353.00017111978,109.40807860190156,0.5318369190960553,0.8470302859502057,0.6027688157094155
2025-08-01,2025,DEN-FOR,Dénia–Formentera,V01,Levante Star,112,37,30340,29126,0.96,5700,60.24421959516029,1754673.1399286385,305512.160922224,320196.30741387425,459643.48859998875,2840025.0968647255,1146.7522745414938,665,762590.2625700934,305594.1,208170.32499999998,178835.53429897118,133979.59999999998,102240.90348713011,59640.52703415924,1751051.252390354,1088973.8444743715,291040.0,797933.8444743715,0.3834381061197506,0.2809601384703462,76757.43505039798,55191.655470009566,97.5082433861404,0.600954436737909,0.835773465270013,0.6902782670684677
2025-08-01,2025,DEN-PMI,Dénia–Mallorca,V05,Balear Express,198,27,35640,33274,0.9336264997598108,7056,85.52545121863233,2845773.863848772,450816.0629380668,373085.3896105556,424970.82042169885,4094646.136819093,1434.908154344947,665,954213.9226393898,262403.55,171972.44999999998,141261.96009016322,153060.4,147407.26092548732,85987.56887320096,1916307.1125282412,2178339.024290852,339790.0,1838549.0242908518,0.5319968933830957,0.44901292147289684,151653.56062292936,83559.15231586079,123.05842810660255,0.3197090308993755,0.580247783222105,0.5144161375381433
2025-08-01,2025,BCN-PMI,Barcelona–Mallorca,V04,Mediterráneo,205,30,44400,41707,0.9393522791809575,9357,76.4719626888532,3189416.1478640004,610358.334875699,468094.7288521026,469525.57231909205,4737394.783910895,2064.196418649234,665,1372690.6184017407,399551.39999999997,198214.49999999997,189907.4214764892,191852.19999999998,170546.2122207922,99485.2904621288,2622247.642561151,2115147.1413497436,382760.0,1732387.1413497436,0.4464789695241762,0.3656835075753585,157913.1594636965,100166.92141870504,113.58752209247596,0.3301480600484675,0.5204784425303114,0.5958466428811575
2025-08-01,2025,BCN-IBZ,Barcelona–Ibiza,V05,Balear Express,276,28,36960,31578,0.8543724923126449,7592,91.39111265748721,2885948.555498131,545064.6315320052,360815.7900935177,553299.8066596816,4345128.783783335,2458.9646440379843,665,1635211.4882852596,408328.19999999995,178341.8,161751.02813873926,145258.8,156424.63621620004,91247.70445945005,2776563.6570996484,1568565.1266836869,382290.0,1186275.1266836869,0.36099393245553607,0.2730126506517002,155183.17084940482,112816.20203927315,137.5998728159901,0.30966239031421045,0.4259529283306018,0.6211179935424703
2025-08-01,2025,VAL-PMI,Valencia–Mallorca,V02,Marina Azul,260,28,35280,31097,0.8814207035119027,6754,81.49770326056685,2534334.0782938474,475753.4022346764,335280.50234946783,461932.46178130695,3807300.4446592988,2198.5175140822034,665,1462014.1468646652,381086.99999999994,175844.9,173380.27376727748,143046.19999999998,137062.81600773474,79953.30933784528,2552388.6459775227,1254911.798681776,369470.0,885441.798681776,0.3296067166020762,0.23256420436265596,135975.01588068923,104352.09449919724,122.43304642439138,0.31853508699388655,0.415064151039955,0.6764337988908846
2025-08-01,2025,VAL-IBZ,Valencia–Ibiza,V05,Balear Express,165,29,38280,34056,0.8896570818031716,8095,74.20801365988912,2527228.1132011837,477753.40116590774,399987.75777116447,407555.3725289039,3812524.6446671598,1641.531930103943,665,1091618.7335191222,338269.05,184711.15,140039.32779798526,156657.59999999998,137250.88720801775,80063.01753801036,2128609.7660631356,1683914.8786040242,356790.0,1327124.8786040242,0.4416797360141479,0.34809607866020353,131466.36705748827,85703.44020907364,111.94869170387479,0.39349605238325824,0.6036105007230866,0.5799709402752076
2025-09-01,2025,DEN-IBZ,Dénia–Ibiza,V01,Levante Star,124,40,32800,22267,0.6788820696589025,4229,64.44267061624022,1434944.946611821,236469.35844888695,225300.42145139104,586544.6486754294,2483259.3751875283,1461.9175769488863,665,972175.1886710094,338155.19999999995,225048.99999999997,178746.9852657029,102428.2,89397.337506751,52148.4468789381,1958100.3583224013,525159.016865127,292740.0,232419.01686512702,0.2114797278578556,0.093594337823682,62081.484379688205,56271.00895806004,111.52195514382397,0.5534127552916999,0.6105574781637314,0.6153425518888069
2025-09-01,2025,DEN-FOR,Dénia–Formentera,V03,Costa Dénia,112,39,35100,25400,0.7236583404929086,6229,58.80378796475946,1493616.2143048903,334730.5781786002,266669.01288305415,448226.2843566805,2543242.089723225,1309.4669612281787,665,870795.5292167388,322112.69999999995,224059.87499999997,179631.07332351737,116839.99999999999,91556.7152300361,53408.083884187734,1858403.9766544797,684838.1130687455,296800.0,388038.1130687455,0.2692775948605328,0.15257616042009384,65211.33563392885,55261.64042703794,100.12764132768604,0.548230559792043,0.6469378535111989,0.6132453294445237
2025-09-01,2025,DEN-PMI,Dénia–Mallorca,V02,Marina Azul,198,29,36540,22975,0.6287671229277002,5400,82.47680687317784,1894904.6379112608,342773.58244678174,235675.42166856155,422673.778223473,2896027.4202500773,1474.8461683427502,665,980772.7019479289,281840.85,182125.07499999998,163048.8821487519,105684.99999999999,104256.98712900278,60816.575825251624,1878546.0720509354,1017481.3481991419,335470.0,682011.3481991419,0.35133691797409866,0.23549892636729558,99863.01449138197,76345.38179485984,126.05124788901315,0.30601804471244126,0.4002846500376061,0.48069314054317347
2025-09-01,2025,BCN-PMI,Barcelona–Mallorca,V05,Balear Express,205,28,36960,25160,0.6807426227641464,5383,72.9863571784074,1836336.7466087302,339241.6373678973,251962.9391849365,437205.5131219436,2864746.8362835078,2070.2115194745666,665,1376690.6604505868,372914.63999999996,178341.8,144517.14014148587,115735.99999999999,103130.88610620626,60159.683561953665,2351490.8102602325,513256.0260232752,371240.0,142016.02602327522,0.17916278657597973,0.04957367409383909,102312.38701012528,97240.38608072259,113.86116201444784,0.35935102025396376,0.3780945565784378,0.6469957098414514
2025-09-01,2025,BCN-IBZ,Barcelona–Ibiza,V04,Mediterráneo,276,29,42920,27076,0.6308531765270818,6258,89.43688760955912,2421593.168916423,445740.7670650767,272364.51965325436,485625.02311097115,3625323.478745725,2252.891746932468,665,1498173.011710091,422911.35,191607.34999999998,182889.9246758827,124549.59999999999,130511.64523484609,76131.79305366024,2626774.67467448,998548.8040712448,393810.0,604738.8040712448,0.2754371602769965,0.1668096123329855,125011.15443950777,104158.09223015449,133.89435214750054,0.25498945414746005,0.30603984145982116,0.5256208027115669
2025-09-01,2025,VAL-PMI,Valencia–Mallorca,V04,Mediterráneo,260,27,39960,26585,0.6652794316104513,6076,80.39181062858961,2137216.285561055,417830.6434770459,282351.640123636,457557.66390759865,3294956.2330693356,1915.2297038921906,665,1273627.7530883069,367476.75,178393.05,190822.70239369015,122290.99999999999,118618.42439049607,69194.08089445606,2320423.7607669495,974532.4723023861,385310.0,589222.4723023861,0.295764921707195,0.17882558389964115,122035.41603960503,100212.36150988702,123.94042629563046,0.2604271349009538,0.3171398545727781,0.546310448796291
2025-09-01,2025,VAL-IBZ,Valencia–Ibiza,V02,Marina Azul,165,29,36540,23516,0.6435649758992832,5568,73.63207268836395,1731531.8213395665,324042.498550437,235765.18730875908,403143.8836626426,2694483.390861405,1699.274924156493,665,1130017.8245640679,338269.05,182125.07499999998,151291.50319179168,108173.59999999999,97001.40207101057,56584.15120808951,2063462.6060349597,631020.7848264454,352470.0,278550.7848264454,0.23418989590606198,0.10337817845572056,92913.22037453121,83308.02089775723,114.58085519907318,0.4007119812301935,0.44691303691453205,0.5770344009729156
2025-10-01,2025,DEN-IBZ,Dénia–Ibiza,V03,Costa Dénia,124,32,28800,16842,0.584778743169919,3478,63.96255965251004,1077257.4296675741,187902.3812387599,175428.18240984032,439803.90214147634,1880391.8954576508,1231.770863255811,665,819127.6240651143,270524.16,183843.99999999997,151396.33941818052,77473.2,67694.10823647543,39488.229804610666,1609547.6615243808,270844.23393327,298500.0,-27655.766066730022,0.1440360568387537,-0.014707448023753128,58762.24673305159,59626.4894226369,111.64896659883925,0.5342875396293629,0.5265434295076307,0.5933793461404862
2025-10-01,2025,DEN-FOR,Dénia–Formentera,V01,Levante Star,112,31,25420,16094,0.6331087210496221,3647,60.16982176119749,968373.1114247123,191743.35085362763,156253.60055568727,415865.69230971456,1732235.7551437418,982.2796701554033,665,653215.9806533433,256038.3,174412.97499999998,132593.56805542964,74032.4,62360.4871851747,36376.95085801858,1389030.661751966,343205.09339177585,291040.0,52165.09339177585,0.19812839699945836,0.030114315119564753,55878.57274657232,54195.82779845052,107.63239437950428,0.5901113654012469,0.6084339367004825,0.6140430855189892
2025-10-01,2025,DEN-PMI,Dénia–Mallorca,V05,Balear Express,198,20,26400,15330,0.5806858741365696,3309,81.41786201180548,1248135.8246409781,210000.54296358625,152474.21307674862,315925.08859506133,1926535.6692763744,1105.696138222789,665,735287.9319181546,194372.99999999997,127386.99999999999,119396.94187331614,70518.0,69355.28409394948,40457.24905480386,1356775.406940224,569760.2623361503,339790.0,229970.26233615028,0.2957434276574582,0.11936984401774889,96326.78346381872,84828.2703470112,125.67095037680198,0.32456485440393024,0.3685597775628203,0.5113694919175771
2025-10-01,2025,BCN-PMI,Barcelona–Mallorca,V04,Mediterráneo,205,22,32560,17066,0.5241302279069218,3950,71.04642105963252,1212478.2218036887,254451.31137731211,170924.43652402973,316440.2945952095,1954294.26430024,1492.063336817161,665,992222.118983412,293004.36,145357.3,143291.29190852868,78503.59999999999,70354.59351480863,41040.179550305045,1763773.4439570545,190520.82034318545,382760.0,-192239.17965681455,0.09748829734779162,-0.09836757092752776,88831.55746819272,97569.70199804794,114.51390274816829,0.32158767962441637,0.2927869395787499,0.5756876452758172
2025-10-01,2025,BCN-IBZ,Barcelona–Ibiza,V05,Balear Express,276,22,29040,13750,0.47347319840515634,2570,87.5540912542757,1203868.7547462909,179160.41403836562,139387.7702646486,373734.6491577228,1896151.5882070279,1899.8942045746132,665,1263429.6460421178,320829.3,140125.69999999998,145558.09054446785,63249.99999999999,68261.457175453,39819.18335234759,2041273.3771143863,-145121.78890735842,382290.0,-527411.7889073584,-0.07653490881738173,-0.2781485363235494,86188.7085548649,110161.97168701756,137.90193368778384,0.30237695346678073,0.23657418905046362,0.60516907552998
2025-10-01,2025,VAL-PMI,Valencia–Mallorca,V02,Marina Azul,260,22,27720,14953,0.5394336642533175,3381,77.51737341317974,1159117.2846472766,239573.66416428133,153438.35328446876,342864.1854195616,1894993.4875155885,1644.6457519751107,665,1093689.4250634485,299425.5,138163.84999999998,150073.5635038081,68783.79999999999,68219.76555056118,39794.86323782736,1858150.7673556453,36842.720159943216,369470.0,-332627.2798400568,0.019442135502135936,-0.17552951080383095,86136.06761434494,101255.4894252566,126.72998645860955,0.3090826905532863,0.26293060932339724,0.6341201914508203
2025-10-01,2025,VAL-IBZ,Valencia–Ibiza,V05,Balear Express,165,20,26400,15758,0.5968828325508684,3859,70.83733675799077,1116254.7526324186,225085.11357052397,165312.9791641226,291566.05055156763,1798218.8959186329,1204.9880896961874,665,801317.0796479647,233288.99999999997,127386.99999999999,114873.64472475555,72486.79999999999,64735.880253070776,37762.59681429129,1451852.0014400822,346366.89447855065,356790.0,-10423.105521449354,0.19261664709713033,-0.005796349679733866,89910.94479593165,90432.1000720041,114.11466530769341,0.4152070710376681,0.41281425526139415,0.6003425741661632
2025-11-01,2025,DEN-IBZ,Dénia–Ibiza,V01,Levante Star,124,30,24600,11218,0.4560359326679583,2463,64.96545478510201,728782.4717792744,134928.95166092468,108017.67949271399,388093.0692218548,1359822.172154768,1073.4031754558225,665,713813.111678122,253616.4,168786.74999999997,133717.9000066789,51602.799999999996,48953.59819757164,28556.26561525013,1399046.8254976228,-39224.65334285493,292740.0,-331964.65334285493,-0.02884542857592896,-0.2441235774357358,45327.40573849226,56392.894183254095,121.21787949320448,0.5546114691508074,0.4457848715430002,0.5673650559901026
2025-11-01,2025,DEN-FOR,Dénia–Formentera,V03,Costa Dénia,112,32,28800,14282,0.4959062287003195,3520,56.304764255723214,804144.643100239,184738.42221947253,143424.66590059112,431532.142772449,1563839.8739927516,1063.0958542652127,665,706958.7430863664,264297.6,183843.99999999997,132076.43042167067,65697.2,56298.23546373905,32840.637353847786,1442012.8463256238,121827.02766712778,296800.0,-174972.97233287222,0.07790249480983144,-0.11188675723310225,48869.99606227349,54337.901447675744,109.49726046721409,0.5390664826158308,0.4848213895066814,0.5513915685212953
2025-11-01,2025,DEN-PMI,Dénia–Mallorca,V02,Marina Azul,198,21,26460,11225,0.4242208336001881,2532,78.36437174382709,879640.072824459,163361.8452853761,111175.51915532848,303884.841764867,1458062.2790300306,1138.569792301017,665,757148.9118801764,204091.65,131883.675,133883.78431482636,51634.99999999999,52490.2420450811,30619.307859630644,1361752.5710997144,96309.70793031622,335470.0,-239160.29206968378,0.06605321961582178,-0.16402611569430633,69431.53709666812,80820.12243331973,129.8941896685996,0.3239543147078713,0.2783050228341676,0.4938041291322276
2025-11-01,2025,BCN-PMI,Barcelona–Mallorca,V05,Balear Express,205,20,26400,12138,0.45976298611391103,2739,71.14362005831494,863541.2602678267,169571.00361466105,116411.78943711083,336784.1341629626,1486308.1874825612,1509.5727273473797,665,1003865.8636860074,266367.6,127386.99999999999,105530.64632933972,55834.799999999996,53507.0947493722,31212.47193713379,1643705.4767018533,-157397.2892192921,371240.0,-528637.2892192921,-0.10589815123462666,-0.3556713834125297,74315.40937412807,100747.27383509267,122.4508310662845,0.3723106941429884,0.2746319636885738,0.6232875234269215
2025-11-01,2025,BCN-IBZ,Barcelona–Ibiza,V04,Mediterráneo,276,22,32560,14509,0.44559935566558717,3581,87.08171759436372,1263468.6405766234,248257.62690680582,139331.1290128377,417017.44701801566,2068074.8435142827,1804.56342068679,665,1200034.6747567153,320829.3,145357.3,153744.79234760205,66741.4,74450.69436651417,43429.57171379994,2004587.7331846314,63487.110329651274,393810.0,-330322.8896703487,0.03069865219276471,-0.1597248236475961,94003.40197792194,109018.0787811196,142.53737979973002,0.26688718855542404,0.23012975415668316,0.5167726341667556
2025-11-01,2025,VAL-PMI,Valencia–Mallorca,V04,Mediterráneo,260,21,31080,14205,0.4570413308490389,3948,76.96378669383745,1093270.5899859609,265624.4844673888,144562.62647752947,374340.1458893823,1877797.8468202616,1577.6002127381673,665,1049104.1414708812,285815.25,138750.15,153716.32108521168,65342.99999999999,67600.7224855294,39433.75478322549,1799763.3398248476,78034.50699541392,385310.0,-307275.4930045861,0.04155639390446229,-0.16363608762514348,89418.94508667912,104051.11142023085,132.19273824852246,0.2704030962064211,0.2323777159217233,0.5318297861121645
2025-11-01,2025,VAL-IBZ,Valencia–Ibiza,V02,Marina Azul,165,21,26460,13556,0.5123214270500324,3147,71.38559825702225,967703.1699721937,187989.2740041523,139139.06303666465,313345.28609015886,1608176.7931031694,1221.845667766705,665,812527.3690648588,244953.44999999998,131883.675,110897.7371070998,62357.6,57894.3645517141,33771.71265516656,1454285.9083788395,153890.88472432992,352470.0,-198579.11527567008,0.09569276548716951,-0.12348089844804186,76579.84729062712,86035.99563708759,118.63210335668113,0.41383355284794415,0.36834943381735025,0.5755833371563533
2025-12-01,2025,DEN-IBZ,Dénia–Ibiza,V03,Costa Dénia,124,32,28800,14177,0.4922594778149681,3131,63.55538305712839,901024.6656009092,176804.98629290878,147108.88648490072,427537.63667391223,1652476.1750526307,1217.926332565945,665,809921.0111563534,270524.16,183843.99999999997,131177.821222668,65214.2,59489.1423018947,34701.999676105246,1554872.3343570214,97603.84069560934,298500.0,-200896.15930439066,0.059065202977889045,-0.12157280228139579,51639.88047039471,57917.88544865692,116.56035656716024,0.5189774681779293,0.4627229432831067,0.5521048419825103
2025-12-01,2025,DEN-FOR,Dénia–Formentera,V01,Levante Star,112,32,26240,14075,0.5363864372253898,2839,59.27271824302469,834263.5092705726,148731.66232875708,142512.09645821783,448731.2627251953,1574238.530782743,980.4008766291801,665,651966.5829584048,264297.6,180039.19999999998,145127.04030736315,64744.99999999999,56672.58710817874,33059.0091464376,1395907.019520384,178331.51126235886,291040.0,-112708.48873764114,0.11328112466773943,-0.07159555971584575,49194.954086960715,52717.094360012,111.8464320271931,0.5740101737806185,0.5356593432813667,0.57478932442253
2025-12-01,2025,DEN-PMI,Dénia–Mallorca,V05,Balear Express,198,21,27720,13614,0.49113711377357694,2665,78.63389039917871,1070521.783894419,171247.59545658933,138036.42300396375,352344.37669003755,1732150.1790450094,1166.2095782067147,665,775529.3695074653,204091.65,133756.34999999998,120103.53425667668,62624.399999999994,62357.406445620334,36375.1537599452,1394837.8639697074,337312.31507530203,339790.0,-2477.684924697969,0.1947361834764658,-0.0014304099925469495,82483.34185928616,82601.32685570035,127.23300859740043,0.31604425641146444,0.3155928292748935,0.49183964120882934
2025-12-01,2025,BCN-PMI,Barcelona–Mallorca,V04,Mediterráneo,205,21,31080,16412,0.5280491236234105,3689,71.67082236864543,1176261.5367142088,240188.9510989654,157090.08619086462,322320.1002248971,1895860.674228936,1490.2388195743597,665,991008.8150169492,279685.98,138750.15,134321.77247077058,75495.2,68250.9842722417,39813.074158807656,1727325.975918769,168534.69831016706,382760.0,-214225.30168983294,0.0888961412624436,-0.1129963317462452,90279.07972518743,100480.28456756042,115.51673618260638,0.33118089837692954,0.2975579424033864,0.5877167375746755
2025-12-01,2025,BCN-IBZ,Barcelona–Ibiza,V05,Balear Express,276,20,26400,12215,0.462682441279212,2827,84.98561875831795,1038099.3331328538,203715.6590611337,125290.90699542419,324666.77520583,1691772.6743952418,1641.1241887279148,665,1091347.5855040634,291663.0,127386.99999999999,133478.63832106747,56188.99999999999,60903.816278228696,35527.22616230008,1796496.2662656596,-104723.59187041782,382290.0,-487013.5918704178,-0.06190169250005966,-0.2878717686136588,84588.63371976209,108939.31331328298,138.49960494435052,0.29902095222135205,0.23218224011792404,0.5958756539567441
2025-12-01,2025,VAL-PMI,Valencia–Mallorca,V02,Marina Azul,260,22,27720,14622,0.5274757228513713,3414,76.08689456614152,1112542.5723461213,237669.07648263068,150413.7178872458,416406.2070003346,1917031.5737163322,1702.961389902289,665,1132469.3242850222,299425.5,138163.84999999998,136649.20327339007,67261.2,69013.13665378795,40257.66304804298,1883239.8772602428,33791.69645608938,369470.0,-335678.3035439106,0.017627094367872746,-0.1751031689546819,87137.79880528782,102395.90351182921,131.10597549694518,0.3125638080336667,0.2659883968415379,0.6198383934693079
2025-12-01,2025,VAL-IBZ,Valencia–Ibiza,V05,Balear Express,165,21,27720,13233,0.47739128737336034,2666,68.6768234468893,908800.4046726861,160011.85913158438,137546.99713974955,304106.9480815676,1510466.2090255877,1271.0081908383943,665,845220.4469075322,244953.44999999998,133756.34999999998,120844.82464795213,60871.799999999996,54376.78352492115,31719.790389537342,1491743.4454699429,18722.76355564478,356790.0,-338067.2364443552,0.012395354125613286,-0.22381648422472475,71926.96233455179,88025.40216523537,114.14389851323114,0.4041570347347813,0.3302431695801276,0.5842393269127811
2026-01-01,2026,DEN-IBZ,Dénia–Ibiza,V03,Costa Dénia,124,33,29700,13881,0.4673876223006277,2672,63.52352765610589,881770.0873944059,148568.390628326,130495.6973292429,409398.49214767065,1570232.6674996454,1279.673512551746,642,821550.395058221,288412.08,194213.25,150795.65861749492,63852.6,56528.37602998723,32974.88601749256,1608327.2457231956,-38094.57822355023,298500.0,-336594.5782235502,-0.024260467261969527,-0.21435968388017645,47582.80810604986,57782.64380979381,113.12100479069558,0.5177656255357868,0.42636924826209555,0.5675766852664975
2026-01-01,2026,DEN-FOR,Dénia–Formentera,V01,Levante Star,112,32,26240,12584,0.47956880971955024,2631,57.39572824553666,722267.8442418333,138317.11894827842,120946.79890898707,390439.279902631,1371971.0420017298,1022.938755612683,642,656726.6811033426,273235.2,184430.4,147829.1151763001,57886.399999999994,49390.95751206227,28811.39188203633,1398310.1456737411,-26339.10367201129,291040.0,-317379.1036720113,-0.019198002629546813,-0.23133075987445742,42874.09506255406,52792.19205230441,109.0250351241044,0.5748278751339766,0.46683465878216523,0.5905078268840629
2026-01-01,2026,DEN-PMI,Dénia–Mallorca,V05,Balear Express,198,22,29040,12321,0.42426852932667747,3473,79.37775672876677,978013.3406551353,211806.0167118612,115685.24867704792,364613.83438234235,1670118.440426387,1150.3535084248751,642,738526.9524087699,221040.6,143543.4,132496.1935522708,56676.6,60124.26385534992,35072.48724895413,1387480.4970653448,282637.94336104207,339790.0,-57152.05663895793,0.16923227510073097,-0.03422036141602437,75914.47456483576,78512.29532115204,135.550559242463,0.3003990485198655,0.29045942211828807,0.4387871517376815
2026-01-01,2026,BCN-PMI,Barcelona–Mallorca,V04,Mediterráneo,205,21,31080,11987,0.3856945652978416,2411,75.3607273643871,903349.0389169082,154461.3512219589,114906.33665856952,300883.3207158411,1473600.0475132777,1439.2877809295967,642,924022.7553568011,289143.96,142134.30000000002,138663.42714681654,55140.2,53049.601710478,30945.600997778834,1633099.8452118747,-159499.79769859696,382760.0,-542259.797698597,-0.10823818713073148,-0.3679830213182122,70171.43083396561,95993.32596247022,122.93318157281035,0.3163919774636461,0.23128355581399343,0.5276236167421557
2026-01-01,2026,BCN-IBZ,Barcelona–Ibiza,V05,Balear Express,276,20,26400,11807,0.44722251638492705,3009,86.63488713483518,1022898.112400999,213338.8762763124,112527.49301389333,364716.29944830795,1713480.7811395125,1773.1040395010082,642,1138332.7933596473,301526.0,130494.0,127661.32502886326,54312.2,61685.30812102245,35983.09640392977,1849994.722913463,-136513.94177395036,382290.0,-518803.94177395036,-0.07967054155294627,-0.30277780030245294,85674.03905697563,111614.23614567313,145.12414509524118,0.30636318660977474,0.23516150377957737,0.5826315661416829
2026-01-01,2026,VAL-PMI,Valencia–Mallorca,V02,Marina Azul,260,21,26460,12141,0.4588447996910889,2339,76.8058604270115,932499.9514443466,163346.86205209122,116600.54407666849,398349.7823772632,1610797.1399503695,1580.8809813695495,642,1014925.5900392508,295480.5,135100.35,129854.64517519045,55848.6,57988.6970382133,33826.73993895776,1723025.1221916126,-112227.98224124312,369470.0,-481697.9822412431,-0.06967232524680358,-0.2990432316362846,76704.62571192236,99642.62486626727,132.67417345773572,0.3041594165636974,0.23414110412674713,0.5960592314102158
2026-01-01,2026,VAL-IBZ,Valencia–Ibiza,V05,Balear Express,165,22,29040,12604,0.43400879939129033,3240,73.05442721327469,920778.0005961142,196921.34589837329,116744.59297457534,323111.11452004785,1557555.0539891105,1284.7798169750622,642,824828.6424979899,265295.8,143543.4,107053.0778736005,57978.399999999994,56071.98194360798,32708.65613377132,1487479.9584489695,70075.09554014099,356790.0,-286714.904459859,0.04499044535258585,-0.1840801092234545,70797.95699950503,83830.45265677135,123.57624991979614,0.3848964768446802,0.3250594903558541,0.5139011865871794
2026-02-01,2026,DEN-IBZ,Dénia–Ibiza,V01,Levante Star,124,32,26240,11004,0.41935465033171715,2301,63.69238085642732,700870.9589441263,123459.54756768352,110168.26187056479,468052.9565715741,1402551.7249539485,1202.0805941723202,642,771735.7414586295,279672.32,184430.4,147108.14727497642,50618.399999999994,50491.86209834214,29453.586224032922,1513510.4570559808,-110958.73210203229,292740.0,-403698.7321020323,-0.07911204280589046,-0.28783161784303346,43829.74140481089,56445.3267829994,127.4583537762585,0.5551271320121892,0.43105567864684197,0.5400581777866948
2026-02-01,2026,DEN-FOR,Dénia–Formentera,V03,Costa Dénia,112,30,27000,13580,0.5029659403521508,3700,60.211989285939076,817678.8145030526,200869.263598561,130463.76032595683,353952.9005834369,1502964.7390110074,956.0213455694911,642,613765.7038556134,256158.00000000003,176557.5,133954.02101293037,62467.99999999999,54106.73060439626,31562.259519231156,1328572.2149921712,174392.5240188362,296800.0,-122407.47598116379,0.11603234559820169,-0.08144401049735293,50098.82463370024,54179.07383307237,110.67487032481645,0.5374908118360354,0.49701214914385167,0.5439295036780024
2026-02-01,2026,DEN-PMI,Dénia–Mallorca,V02,Marina Azul,198,21,26460,11310,0.4274508861278931,2768,79.5631279883566,899858.9775483131,173166.53987406785,109576.59810489423,361092.8450882234,1543694.9606154985,1117.713108725635,642,717571.8158018577,210993.30000000002,135100.35,131515.79893402208,52025.99999999999,55573.01858215794,32417.59417292547,1335197.8774909633,208497.08312453516,335470.0,-126972.91687546484,0.13506365470118764,-0.08225259530862139,73509.28383883326,79555.6132138554,136.48938643815194,0.31888573518460556,0.29465000737066405,0.46260983087888236
2026-02-01,2026,BCN-PMI,Barcelona–Mallorca,V05,Balear Express,205,21,27720,11873,0.4283055834800147,3151,73.9330256961442,877806.81409032,203827.15319571807,116024.4346864028,348190.31572337745,1545848.7176958185,1464.6297800305022,642,940292.3187795824,289143.96,137018.7,120057.95574276468,54615.799999999996,55650.55383704946,32462.82307161219,1629242.111431009,-83393.39373519039,371240.0,-454633.3937351904,-0.05394667200002165,-0.2940995380277891,73611.84369980088,95261.05292528615,130.1986623175119,0.3520364114016487,0.2720319427191459,0.5542700577162096
2026-02-01,2026,BCN-IBZ,Barcelona–Ibiza,V04,Mediterráneo,276,21,31080,13865,0.44611103412152675,3219,87.46945487455565,1212763.991835714,228980.6415296939,141465.41521868025,400832.70078893285,1984042.749373021,1760.2736258488508,642,1130095.6677949622,316602.30000000005,142134.30000000002,138622.02859631067,63778.99999999999,71425.53897742875,41664.897736833445,1904323.7331055352,79719.01626748592,393810.0,-314090.9837325141,0.040180090017051286,-0.1583085766835267,94478.22616062005,109434.93967169215,143.09720514771158,0.2679077058159326,0.23129217136853714,0.5167342369761219
2026-02-01,2026,VAL-PMI,Valencia–Mallorca,V04,Mediterráneo,260,22,32560,13052,0.4008622558581614,2526,77.81943105135419,1015699.2140822748,178308.6215195412,124223.93187173599,413339.16339923756,1731570.9308727896,1626.341472124975,642,1044111.2251042341,309551.0,148902.6,137468.0227711048,60039.2,62336.55351142042,36362.98954832858,1798771.590935088,-67200.66006229841,385310.0,-452510.6600622984,-0.038809071499269314,-0.2613295545647747,78707.76958512679,99276.4359515949,132.66709553116684,0.2579948959241032,0.204542020751369,0.5056194106234054
2026-02-01,2026,VAL-IBZ,Valencia–Ibiza,V02,Marina Azul,165,20,25200,11428,0.45347861834074626,2540,70.69051985993534,807851.260959341,147307.1331460914,116216.01693523784,304394.7736140016,1375769.1846546717,1127.108465268136,642,723603.6347021433,241178.0,128667.0,111237.68712886907,52568.799999999996,49527.690647568175,28891.152877748107,1335673.9653563285,40095.219298343174,352470.0,-312374.7807016568,0.029143856211903286,-0.2270546427306883,68788.45923273358,84407.19826781642,120.3858229484312,0.4059990296672267,0.33087281978226835,0.5564430440141105
2026-03-01,2026,DEN-IBZ,Dénia–Ibiza,V03,Costa Dénia,124,31,27900,14125,0.5062791650757158,3267,66.26041991107411,935928.4312439217,174407.74590840968,143056.62495660182,391679.10463865614,1645071.9067475894,1162.4483961475535,642,746291.8703267294,270932.56,182442.75,148201.69297178442,64974.99999999999,59222.588642913215,34546.51004169938,1506612.9719831261,138458.93476446322,298500.0,-160041.06523553678,0.08416588612117584,-0.09728514880054577,53066.83570153514,58229.4507091331,116.4652677343426,0.5217692715872142,0.47550928047970553,0.5555326089847229
2026-03-01,2026,DEN-FOR,Dénia–Formentera,V01,Levante Star,112,30,24600,12910,0.5247962384886151,2712,58.01730650103873,749003.4269284101,149282.92785711592,132447.71921857225,393596.5821831839,1424330.6561872822,997.7372714453753,642,640547.328267931,256158.00000000003,172903.5,131333.77444136792,59385.99999999999,51275.90362274215,29910.943779932928,1341515.450111974,82815.20607530815,291040.0,-208224.79392469185,0.05814324483964414,-0.1461913306577829,47477.68853957607,54418.51500373247,110.32770381001411,0.5925360954239163,0.5169608943769172,0.601516898917465
2026-03-01,2026,DEN-PMI,Dénia–Mallorca,V05,Balear Express,198,22,29040,14260,0.4910300608230524,3275,83.65471043068547,1192916.1707415748,207605.5503779878,144034.99627952103,366010.32831610396,1910567.0457151874,1159.123110050013,642,744157.0366521084,221040.6,143543.4,118302.6132883351,65596.0,68780.41364574674,40121.907960018936,1401541.971546209,509025.0741689785,339790.0,169235.0741689785,0.26642617714492917,0.0885784534745957,86843.95662341762,79151.4532521004,133.98085874580556,0.30284455636708146,0.33227715267606983,0.4475353774258098
2026-03-01,2026,BCN-PMI,Barcelona–Mallorca,V04,Mediterráneo,205,21,31080,17330,0.5575791805699845,3569,73.7744876833513,1278511.871552478,221867.98784650213,180611.28875558625,320269.5676598011,2001260.7158143676,1440.3279372986412,642,924690.5357457277,289143.96,142134.30000000002,137702.01470027745,79718.0,72045.38576931723,42026.47503210172,1687460.671247424,313800.04456694354,382760.0,-68959.95543305646,0.1568011814189086,-0.03445825668196099,95298.1293244937,98581.93672606781,115.4795565963282,0.32492398393562233,0.3141006240095376,0.5767923870945825
2026-03-01,2026,BCN-IBZ,Barcelona–Ibiza,V05,Balear Express,276,22,29040,13714,0.47224236803799247,3104,89.10635276353638,1222004.5217991378,226583.82921006056,141225.0524681263,382284.0216459055,1972097.42512323,1847.854691923266,642,1186322.7122147367,331678.60000000003,143543.4,147809.35131176014,63084.399999999994,70995.50730443628,41414.04592758783,1984848.0167585209,-12750.591635290766,382290.0,-395040.59163529077,-0.00646549783639316,-0.20031494722458043,89640.79205105592,107597.18257993278,143.80176645203662,0.2953370185000351,0.2460496048832233,0.5668395730687338
2026-03-01,2026,VAL-PMI,Valencia–Mallorca,V02,Marina Azul,260,22,27720,13154,0.47453544205352666,2790,78.58137218743171,1033659.3697534767,188670.7496172944,136881.66191693733,359257.54525500943,1718469.3265427179,1671.3775536697453,642,1073024.3894559764,309551.0,141533.7,132507.16301859648,60508.399999999994,61864.89575553784,36087.85585739708,1815077.4040875076,-96608.07754478976,369470.0,-466078.07754478976,-0.056217516398241206,-0.2712169896465149,78112.24211557809,99297.6092767049,130.64233894957565,0.3031062554233971,0.2384378574956596,0.6032375161278624
2026-03-01,2026,VAL-IBZ,Valencia–Ibiza,V05,Balear Express,165,22,29040,14915,0.5136117101467029,3193,72.4837623621952,1081095.3156321412,187743.56691065736,141292.24264027437,296933.19874248916,1707064.323925562,1329.5214124916347,642,853552.7468196295,265295.8,143543.4,112710.31305626503,68609.0,61454.31566132022,35848.350802436806,1541013.9263396512,166050.39758591074,356790.0,-190739.60241408926,0.09727249012155649,-0.11173545117237575,77593.83290570736,86263.8148336205,114.45285443684627,0.3960689386300299,0.3562618590712,0.5710003463073603
2026-04-01,2026,DEN-IBZ,Dénia–Ibiza,V01,Levante Star,124,30,24600,14071,0.5719843554426836,3015,64.8054390945871,911877.3334999351,165823.0774035713,142887.60792960855,393997.724249796,1614585.743082911,1064.1464377091954,642,683182.0130093035,262192.8,172903.5,131713.55047159034,64726.6,58125.08675098479,33906.30060474113,1406749.85083662,207835.89224629104,292740.0,-84904.10775370896,0.12872397340103256,-0.0525856914799656,53819.52476943037,56649.661694554,114.7456288169221,0.5571367200487215,0.5293029579999052,0.6020625482893595
2026-04-01,2026,DEN-FOR,Dénia–Formentera,V03,Costa Dénia,112,32,28800,17031,0.5913427330074043,3798,61.35927889726652,1045009.8788993461,209294.95329390166,172224.8396085204,414524.2143873121,1841053.8861890803,1078.0770400956699,642,692125.4597414201,273235.2,188328.0,128371.99513136267,78342.59999999999,66277.93990280689,38662.13160997069,1465343.3263855604,375710.55980351986,296800.0,78910.55980351986,0.2040736355529648,0.04286162420094181,57532.93394340876,55066.978949548764,108.10016359515474,0.5462993943407616,0.5707632335655631,0.5659968230112831
2026-04-01,2026,DEN-PMI,Dénia–Mallorca,V02,Marina Azul,198,21,26460,15643,0.5912001474328675,3777,83.00481152413755,1298444.2666720836,230552.24373090017,151403.92987313334,339191.0756602394,2019591.5159363565,1089.672341874411,642,699569.6434833718,210993.30000000002,135100.35,116255.21443563001,71957.79999999999,72705.29457370883,42411.42183466349,1348993.0243273743,670598.4916089822,335470.0,335128.4916089822,0.332046597699272,0.1659387499722212,96171.02456839793,80212.52496797021,129.10512791257153,0.32151885909880634,0.38548590896423734,0.49309713398446464
2026-04-01,2026,BCN-PMI,Barcelona–Mallorca,V05,Balear Express,205,22,29040,15957,0.5494702182516303,3527,75.91544453309626,1211382.748414617,230475.4889115339,160999.84878714554,335626.05714041425,1938484.1432537106,1613.3217728771833,642,1035752.5781871517,302912.72000000003,143543.4,121944.45943414127,73402.2,69785.42915713358,40708.167008327924,1788048.9537867545,150435.18946695607,371240.0,-220804.81053304393,0.07760454992139029,-0.1139059152490291,88112.9156024414,98149.49789939793,121.48174113265091,0.362710635252764,0.32562053068160157,0.6120581263636661
2026-04-01,2026,BCN-IBZ,Barcelona–Ibiza,V04,Mediterráneo,276,21,31080,15060,0.48456485284383416,3488,89.66641693870591,1350376.239096911,248858.4319008494,150653.2266280741,359289.0900518037,2109176.987677638,1693.3881620753484,642,1087155.2000523736,316602.30000000005,142134.30000000002,140135.79403340083,69276.0,75930.37155639497,44292.7167412304,1875526.6823833997,233650.30529423826,393810.0,-160159.69470576174,0.11077795114363767,-0.07593468715117624,100436.99941322085,108063.65154206664,140.0515928072801,0.2645506549698067,0.2458798458020487,0.5213601333489863
2026-04-01,2026,VAL-PMI,Valencia–Mallorca,V04,Mediterráneo,260,21,31080,18046,0.5806332278812812,4767,80.27010732589159,1448554.3568030396,336406.96991200757,176438.21973365295,394979.5380795948,2356379.084528295,1593.8906542323502,642,1023277.8000171689,295480.5,142134.30000000002,133882.2601382486,83011.59999999999,84829.6470430186,49483.960775094194,1812100.0679735302,544279.0165547647,385310.0,158969.0165547647,0.2309810930373793,0.06746326072852046,112208.5278346807,104638.57466540618,130.5762542684415,0.27192976784149214,0.2916022033125798,0.5414618170410839
2026-04-01,2026,VAL-IBZ,Valencia–Ibiza,V02,Marina Azul,165,22,27720,14613,0.5271807904552421,3470,73.2894858804321,1070979.2571707543,200506.53830454085,150371.36554503726,348202.06081510405,1770059.2218354363,1211.816223065393,642,777986.0152079823,265295.8,141533.7,112909.20636594335,67219.79999999999,63722.1319860757,37171.24365854416,1465837.8972185457,304221.32461689063,352470.0,-48248.67538310937,0.17187070402166144,-0.027258226610677255,80457.2373561562,82650.35896447935,121.12907834362802,0.3975486241677698,0.38699969868281,0.5415508039062671
2026-05-01,2026,DEN-IBZ,Dénia–Ibiza,V03,Costa Dénia,124,33,29700,18142,0.6108328514972121,4339,66.15362796043063,1200159.1184581325,238694.24445681652,192057.78794958125,478784.8174650513,2109695.9683295814,1241.5355933502835,642,797065.850930882,288412.08,194213.25,148343.6270045206,83453.2,75949.05485986493,44303.61533492121,1631740.6781301887,477955.2901993927,298500.0,179455.2901993927,0.22655173891137922,0.08506215724604248,63930.180858472166,58492.14176152087,116.28794886614384,0.5241231340638071,0.5728510829612201,0.5588740914321078
2026-05-01,2026,DEN-FOR,Dénia–Formentera,V01,Levante Star,112,32,26240,17515,0.6674775111335955,3583,59.337936274766264,1039303.9538525312,195077.89688037967,177507.09061305202,367864.12341621827,1779753.0647621811,1051.2730938146055,642,674917.3262289767,273235.2,184430.4,155436.85552790936,80569.0,64071.11033143852,37374.8143600058,1470034.70644833,309718.35831385106,291040.0,18678.35831385106,0.17402321953873812,0.010494915661992102,55617.28327381816,55033.584576510315,101.6130782050917,0.5992332815386576,0.6055888858211907,0.6604723909479722
2026-05-01,2026,DEN-PMI,Dénia–Mallorca,V05,Balear Express,198,21,27720,14939,0.5389419379900603,3250,83.69364219731256,1250299.3207856524,204977.32971518196,146700.25819991113,305787.70862901246,1907764.6173297581,1092.847936182311,642,701608.3750290436,210993.30000000002,137018.7,118702.08319739654,68719.4,68679.52622387129,40063.05696392492,1345784.4414142366,561980.1759155216,339790.0,222190.17591552157,0.29457521688504146,0.11646624216488227,90845.93415855992,80265.44959115412,127.70363594147922,0.3071068625311988,0.3475892797618607,0.47617339572729894
2026-05-01,2026,BCN-PMI,Barcelona–Mallorca,V04,Mediterráneo,205,21,31080,19515,0.6278992478777019,4923,76.05482487126437,1484209.9073627242,312231.99314452434,193710.75439336986,320350.7592785596,2310503.414179178,1416.665137863705,642,909499.0185084987,289143.96,142134.30000000002,141185.74135946584,89769.0,83178.1229104504,48520.57169776274,1703430.7144761777,607072.6997030003,382760.0,224312.69970300025,0.26274477500335874,0.09708390748372422,110023.97210377039,99342.41497505608,118.39628051135936,0.3274305042025579,0.3626366911792036,0.5669403353876431
2026-05-01,2026,BCN-IBZ,Barcelona–Ibiza,V05,Balear Express,276,22,29040,16573,0.5707095109411384,4051,87.5121480054009,1450338.8288935092,293992.6964575796,171056.65268709516,357899.86812686594,2273288.04616505,1806.7708044957808,642,1159946.8564862912,331678.60000000003,143543.4,130102.7247482601,76235.79999999999,81838.36966194179,47739.04896946605,1971084.7998659592,302203.2462990908,382290.0,-80086.7537009092,0.1329366275465602,-0.035229479095714465,103331.27482568409,106971.58181208906,137.16816787335122,0.2936198446752554,0.28362778553382767,0.5908153097265647
2026-05-01,2026,VAL-PMI,Valencia–Mallorca,V02,Marina Azul,260,20,25200,14522,0.5762653568551896,3140,78.86714378901041,1145308.6621040092,220848.7076297055,151791.07531316287,376852.87819575163,1894801.3232426292,1492.9275648767866,642,958459.496650897,281410.0,128667.0,120007.60176358707,66801.2,68212.84763673464,39790.827788095216,1663348.9738393137,231452.34940331546,369470.0,-138017.65059668454,0.12215124961345512,-0.07284017005038337,94740.06616213146,101640.94869196569,130.4779867265273,0.3102593061415314,0.2891943411542474,0.6182406234426666
2026-05-01,2026,VAL-IBZ,Valencia–Ibiza,V05,Balear Express,165,20,26400,15307,0.5797964211763802,3621,72.0035293734207,1102158.0241189508,213536.74699595862,161186.53940081355,322200.4694049852,1799081.7799207084,1159.449769264928,642,744366.7518680837,241178.0,130494.0,109471.78384286804,70412.2,64766.9440771455,37780.71737833488,1398470.3971664319,400611.3827542765,356790.0,43821.38275427651,0.22267547102385352,0.02435763801476988,89954.08899603543,87763.0198583216,117.53327104727957,0.4029523409472984,0.4130123461709615,0.5656739498271068
2026-06-01,2026,DEN-IBZ,Dénia–Ibiza,V01,Levante Star,124,40,32800,21693,0.6613721193302573,4330,67.50983881875236,1464490.933495195,242406.3859789782,223891.61073966118,589032.0368894255,2519820.9671032596,1422.3596931090597,642,913154.9229760163,349590.4,230538.0,194713.6590351257,99787.79999999999,90713.55481571735,52916.240309168454,1931414.5771360279,588406.3899672318,292740.0,295666.3899672318,0.2335111889491312,0.11733626865845334,62995.524177581494,55603.86442840069,116.15825229812657,0.5468515384382444,0.6195468546182287,0.5837691826533115
2026-06-01,2026,DEN-FOR,Dénia–Formentera,V03,Costa Dénia,112,39,35100,23957,0.6825488995887968,5112,62.29795593793289,1492472.1304050582,277084.67814693716,248403.23577508304,467033.3677576173,2484993.412084696,1307.136958625281,642,839181.9274374305,333005.4,229524.75,171788.77355849682,110202.2,89459.76283504904,52184.861653778615,1825347.675484755,659645.7365999408,296800.0,362845.7365999408,0.26545170437556803,0.14601476802127392,63717.779797043484,54414.04296114756,103.72723680280068,0.5398218547732894,0.6321208313198758,0.5828866803521628
2026-06-01,2026,DEN-PMI,Dénia–Mallorca,V02,Marina Azul,198,28,35280,23631,0.6698041605130735,5654,83.92015538407176,1983117.1918809998,354888.41844310943,234795.0141961499,410673.7607378065,2983474.385258066,1513.950094727968,642,971955.9608153554,281324.4,180133.80000000002,166651.42209436538,108702.59999999999,107405.07786929037,62652.96209041939,1878826.222869431,1104648.162388635,335470.0,769178.1623886351,0.37025562138120544,0.25781289297783005,106552.6566163595,79082.00795962253,126.25256592010774,0.3169873655588525,0.4270989923695667,0.49712001216261104
2026-06-01,2026,BCN-PMI,Barcelona–Mallorca,V05,Balear Express,205,29,38280,26078,0.6812394384353453,6236,73.92187982458772,1927734.7820655985,394719.59495895443,272679.4499023048,491038.96193813434,3086172.788864992,2188.1255010236046,642,1404776.571657154,399294.04000000004,189216.30000000002,155008.91941231213,119958.79999999999,111102.22039913971,64809.628566164836,2444166.480034771,642006.3088302212,371240.0,270766.3088302212,0.2080266896094088,0.08773530432487595,106419.75134017214,97082.98207016451,118.34392165292553,0.3587693350708223,0.3932732865490471,0.6214706889861127
2026-06-01,2026,BCN-IBZ,Barcelona–Ibiza,V04,Mediterráneo,276,28,41440,28359,0.68432948699344,6640,88.76032453390603,2517154.043457041,467858.073747295,307530.24167030724,504852.0171656289,3797394.376040272,2341.9523496307643,642,1503533.4084629507,422136.4,189512.4,179062.9972656776,130451.4,136706.19753744977,79745.28189684571,2641148.0851629237,1156246.2908773483,393810.0,762436.2908773483,0.3044841215789187,0.20077880129805684,135621.227715724,108391.36018439013,133.9043822433891,0.2653529185869324,0.3320143647564728,0.5469306329019828
2026-06-01,2026,VAL-PMI,Valencia–Mallorca,V04,Mediterráneo,260,29,42920,28577,0.6658113878772062,5797,82.12583141152123,2346909.8842470422,390423.18744597293,303722.2790634157,493410.05896162626,3534465.409718057,2085.9667507548934,642,1339190.6539846417,408044.5,196280.7,202001.14139595832,131454.19999999998,127240.75474985005,74223.77360407921,2478435.723734529,1056029.685983528,385310.0,670719.6859835279,0.2987805972241123,0.1897655255415361,121878.11757648473,98749.85254256998,123.68217131672525,0.25662643592143963,0.3167310747829645,0.5394633399451486
2026-06-01,2026,VAL-IBZ,Valencia–Ibiza,V02,Marina Azul,165,30,37800,25149,0.6653133644993192,4938,74.9729198251216,1885493.960681983,291970.05118286033,266370.1373920423,445724.3098837415,2889558.459140627,1681.4798471264942,642,1079510.0618552093,361767.0,193000.5,164853.70575456286,115685.4,104024.10452906258,60680.72764195318,2079521.4997807879,810036.9593598393,352470.0,457566.9593598393,0.2803324351502303,0.15835186096076512,96318.61530468757,81066.38332602628,114.89754897374159,0.3899296937278801,0.46329300290855013,0.5599597551087843
2026-07-01,2026,DEN-IBZ,Dénia–Ibiza,V03,Costa Dénia,124,38,34200,32747,0.9575040751500098,7435,69.08466084639703,2262315.3887369633,399320.5502066417,365609.93216957705,454390.0277135283,3481635.8988267104,1473.8534084289684,642,946213.8882113977,332110.88,223639.5,185990.19263340018,150636.19999999998,125338.89235776156,73114.35387536092,2037043.9070779204,1444591.99174879,298500.0,1146091.99174879,0.41491759440888365,0.3291820354147359,91621.997337545,61461.681765208436,106.31923226025927,0.5507319154588569,0.8209856392253138,0.6423109347742254
2026-07-01,2026,DEN-FOR,Dénia–Formentera,V01,Levante Star,112,39,31980,30701,0.96,6627,63.908531990045034,1962055.8406263725,357575.2478236793,335200.89564505714,558916.6908325325,3213748.6749276416,1268.378482621417,642,814298.9858429498,333005.4,224774.55000000002,170855.87659948957,141224.59999999998,115694.9522973951,67488.72217348048,1867343.0869133149,1346405.5880143268,291040.0,1055365.5880143268,0.4189517364934087,0.3283908278976073,82403.81217763184,55343.156074700375,104.67895752345662,0.6026040513360232,0.8972540524567927,0.6447448052182969
2026-07-01,2026,DEN-PMI,Dénia–Mallorca,V05,Balear Express,198,28,36960,31150,0.8427931559673634,7106,86.38851735103674,2691002.3154847943,438958.3370119935,352515.57585074886,433625.86533486453,3916102.0936824013,1463.784036182306,642,939749.3512290404,281324.4,182691.6,157885.8664969999,143290.0,140979.67537256645,82238.14396733043,1928159.0370659372,1987943.0566164642,339790.0,1648153.0566164642,0.5076331027792882,0.4208657019630118,139860.78906008575,80998.17989521204,125.7175632000771,0.309910391395822,0.5351269859966551,0.48809042277153686
2026-07-01,2026,BCN-PMI,Barcelona–Mallorca,V04,Mediterráneo,205,30,44400,42589,0.9592029623771281,8453,78.12916944159736,3327443.1973481895,549249.4532766968,464933.1161322905,519120.95170833933,4860746.718465515,2105.8420319915203,642,1351950.5845385562,413062.80000000005,203049.0,190355.70262361667,195909.4,174986.88186475853,102075.68108777583,2631390.050114707,2229356.6683508083,382760.0,1846596.6683508083,0.45864489500794065,0.37989979221418035,162024.8906155172,100471.66833715691,114.13150622145426,0.3311524994632726,0.5340306216727659,0.5948019562788309
2026-07-01,2026,BCN-IBZ,Barcelona–Ibiza,V05,Balear Express,276,28,36960,32228,0.871967173502306,7231,90.5823167864719,2919286.905394417,501732.6702400109,374001.00253713725,515699.33826713625,4310719.916438702,2396.5358833937353,642,1538576.037138778,422136.4,182691.6,185405.01770650916,148248.8,155185.91699179323,90525.11824521274,2722768.890082293,1587951.0263564084,382290.0,1205661.0263564084,0.36837258210649254,0.279689019404551,153954.28272995361,110894.9603600819,133.75697891394753,0.304388889877256,0.42257982743180067,0.6280875297924882
2026-07-01,2026,VAL-PMI,Valencia–Mallorca,V02,Marina Azul,260,31,39060,35231,0.9019747815352568,8201,82.62109635596498,2910823.845717002,559327.7938525882,403830.7451393201,559837.2970937489,4433819.681802659,2312.5972252524243,642,1484687.4186120564,436185.5,199433.85,196897.21431597433,162062.59999999998,159617.5085448957,93110.21331785586,2731994.3047907823,1701825.377011877,369470.0,1332355.377011877,0.3838282788081191,0.30049832258180176,143026.44134847287,100047.23563841233,125.84995264973061,0.3053944921807458,0.43658864880486226,0.630932872672825
2026-07-01,2026,VAL-IBZ,Valencia–Ibiza,V05,Balear Express,165,29,38280,35820,0.9357276664747051,8059,75.12825515519708,2691094.0996591593,470376.42984392896,393941.5609243271,428451.6450717534,3983863.7354991687,1638.853051563019,642,1052143.6591034583,349708.10000000003,189216.30000000002,165181.69646094498,164772.0,143419.09447797007,83661.13844548255,2148101.988487856,1835761.7470113127,356790.0,1478971.7470113127,0.46079933172746834,0.3712405456623885,137374.61156893685,86375.58580992607,111.21897642376238,0.3965821203394218,0.6307374268546229,0.5883476169812422
2026-08-01,2026,DEN-IBZ,Dénia–Ibiza,V01,Levante Star,124,37,30340,28591,0.9423572786351512,5846,69.78423804595936,1995201.149972024,325711.2418930846,311306.9569857868,507677.10504945024,3139896.453900346,1325.0098741417114,642,850656.3391989787,323371.12,213247.65000000002,167255.8158556413,131518.59999999998,113036.27234041246,65937.82553190728,1865023.62292694,1274872.830973406,292740.0,982132.8309734061,0.4060238449550693,0.31279147111791256,84862.06632163098,58317.93575478217,109.8211483998582,0.5735438213491558,0.834599393407071,0.6475959591321897
2026-08-01,2026,DEN-FOR,Dénia–Formentera,V03,Costa Dénia,112,39,35100,33696,0.96,7474,64.59356487919916,2176544.762169495,394185.41395413893,386960.5326151373,522845.9183441708,3480536.627082942,1210.993433290704,642,777457.7841726319,333005.4,229524.75,154686.41205342623,155001.59999999998,125299.31857498591,73091.26916874178,1848066.5339697858,1632470.0931131563,296800.0,1335670.0931131563,0.4690282758154276,0.3837540690478494,89244.52889956262,54996.57779409708,103.29227881893821,0.5456009701795345,0.8853623898766133,0.5915960937140646
2026-08-01,2026,DEN-PMI,Dénia–Mallorca,V02,Marina Azul,198,28,35280,32993,0.9351615841229249,7616,84.70858596115117,2794790.3766162605,476425.45766276,362275.5160089913,455206.11780614755,4088697.468094159,1533.421391781915,642,984456.5335239894,281324.4,180133.80000000002,163904.0695116349,151767.8,147193.1088513897,85862.64682997734,1994642.3587169915,2094055.1093771674,335470.0,1758585.1093771674,0.5121570196176087,0.43010888506673656,146024.90957479138,83218.29852560685,123.926210653598,0.3335670134904876,0.58531709786272,0.5329402778185706
2026-08-01,2026,BCN-PMI,Barcelona–Mallorca,V05,Balear Express,205,27,35640,34214,0.96,6960,77.29545277421833,2644586.621217106,430628.5322463419,377461.7041468598,418557.41478252003,3871234.2723928276,1935.6066375921084,642,1242659.4613341335,371756.52,176166.9,154587.80905678167,157384.4,139364.43380614178,81295.91972024938,2323215.443917306,1548018.8284755214,371240.0,1176778.8284755214,0.39987733098846634,0.30398026718960336,143379.0471256603,99794.64607101133,113.14766681454456,0.3687902663378098,0.5298560499839626,0.6681789434979808
2026-08-01,2026,BCN-IBZ,Barcelona–Ibiza,V04,Mediterráneo,276,30,44400,38956,0.8773883214974755,8728,94.59600315639977,3685081.8989607096,613107.8791701775,430578.1856273783,560711.3607039191,5289479.324462185,2334.0540449547652,642,1498462.6968609593,452289.0,203049.0,207484.7826898471,179197.59999999998,190421.25568063863,111079.06581370588,2841983.401045151,2447495.9234170336,393810.0,2053685.9234170336,0.4627101786934173,0.38825861629128217,176315.97748207283,107859.78003483838,135.7808636528952,0.2640515570770622,0.43163919281745206,0.5367347458427351
2026-08-01,2026,VAL-PMI,Valencia–Mallorca,V04,Mediterráneo,260,30,44400,40797,0.9188468521407361,8904,84.54597571415636,3449222.1712104366,598953.9437339393,472927.5414364315,536939.2107592893,5058042.867140098,2149.645231002256,642,1380072.2383034483,422115.0,203049.0,185876.09613552742,187666.19999999998,182089.5432170435,106218.90020994206,2667086.9778659614,2390955.889274136,385310.0,2005645.8892741362,0.472703761529412,0.39652607578791876,168601.4289046699,101746.56592886538,123.98075513248762,0.2644141526217915,0.43815340151941246,0.554500115611288
2026-08-01,2026,VAL-IBZ,Valencia–Ibiza,V02,Marina Azul,165,27,34020,30911,0.9086044677103405,6325,77.24236220144658,2387638.6580089154,367044.3046758996,337886.1839133372,359642.62823598925,3452211.774834141,1496.8689548351188,642,960989.8690041462,325590.30000000005,173700.45,142473.02838235276,142190.59999999998,124279.62389402908,72496.44727151697,1941720.318552045,1510491.4562820962,352470.0,1158021.4562820962,0.4375431041899701,0.3354433423591843,127859.69536422745,84970.01179822389,111.68230645511763,0.4087061654556224,0.6150057497076837,0.6038191481790963
2026-09-01,2026,DEN-IBZ,Dénia–Ibiza,V03,Costa Dénia,124,37,33300,24871,0.7468888661507213,6138,65.84191939235974,1637554.377207379,340166.6886666823,272773.3436767819,480420.51677823544,2730914.9263290786,1366.301728080858,642,877165.7094279109,323371.12,217754.25,157604.56326070157,114406.59999999999,98312.93734784682,57349.213452910655,1845964.3934893701,884950.5328397085,298500.0,586450.5328397085,0.3240491032173116,0.21474507579334257,73808.51152240753,57958.49712133433,109.803181469546,0.5193413720549671,0.6613665907025764,0.586498159979981
2026-09-01,2026,DEN-FOR,Dénia–Formentera,V01,Levante Star,112,40,32800,25436,0.7754851682694599,4939,60.146677506702815,1529890.8890604929,272637.79842711164,267179.99056271807,467253.94455554313,2536962.622605866,1308.1831842895183,642,839853.6043138708,341544.0,230538.0,191133.8852246026,117005.59999999999,91330.65441381116,53276.215074723186,1864681.959027008,672280.6635788579,291040.0,381240.6635788579,0.264994311539489,0.15027445031384137,63424.065565146644,53893.04897567521,99.73905577157831,0.5868145576619687,0.690593048400987,0.6589495608812301
2026-09-01,2026,DEN-PMI,Dénia–Mallorca,V05,Balear Express,198,31,40920,28654,0.700250641187306,6621,84.05772493968558,2408590.0504217506,425317.1738804984,287183.30789866805,457231.2693335222,3578321.8015344394,1646.3441967953868,642,1056952.9743426384,311466.30000000005,202265.7,186885.52991573786,131808.4,128819.58485523981,75144.75783222323,2093343.2469458394,1484978.5545886,339790.0,1145188.5545886,0.41499301542746053,0.32003509413198267,115429.73553336902,78488.1692563174,124.88035881672505,0.3003067388135805,0.4416503502195019,0.47614586131894526
2026-09-01,2026,BCN-PMI,Barcelona–Mallorca,V04,Mediterráneo,205,30,44400,30937,0.6967864717082815,7592,75.19521564451408,2326314.386394332,473526.4613063102,328506.9686431846,507225.99835864856,3635573.814702476,1979.682924998192,642,1270956.4378488392,413062.80000000005,203049.0,173316.1042579212,142310.19999999998,130880.65732928913,76347.050108752,2409922.249544802,1225651.5651576738,382760.0,842891.5651576738,0.3371274048132557,0.23184553749093756,121185.79382341586,93089.40831816007,117.51539627961586,0.30682072616400813,0.39942582011672995,0.535239637658661
2026-09-01,2026,BCN-IBZ,Barcelona–Ibiza,V05,Balear Express,276,29,38280,24599,0.6426198797372905,5293,89.84317834505894,2210052.344110105,372985.8103499853,267903.2891795228,511106.36368927144,3362047.807328885,2523.296990781639,642,1619956.6680818123,437212.7,189216.30000000002,169108.82300546026,113155.4,121033.72106383985,70603.00395390659,2720286.6161050186,641761.1912238663,382290.0,259471.1912238663,0.19088401712340297,0.07717653230815112,115932.68301134087,106985.40055534548,136.67416591442273,0.29365777491036854,0.3182166310148794,0.5930247058268853
2026-09-01,2026,VAL-PMI,Valencia–Mallorca,V02,Marina Azul,260,30,37800,26071,0.6897066164691737,5845,82.83028868423699,2159468.4562867424,394655.5167796683,276240.13160090277,533584.9727349227,3363949.077402236,2285.658469419146,642,1467392.7373670917,422115.0,193000.5,195543.57269178744,119926.59999999999,121102.16678648049,70642.93062544696,2589723.507470807,774225.5699314289,369470.0,404755.5699314289,0.2301537722828177,0.12032155083750432,112131.63591340787,98639.78358236024,129.0303048368776,0.3010982404833951,0.3422821609078384,0.606720046752715
2026-09-01,2026,VAL-IBZ,Valencia–Ibiza,V05,Balear Express,165,30,39600,27174,0.6862021774988106,5914,72.5902760598828,1972568.161651255,356846.10952097364,280150.38022084994,406326.6225851684,3015891.2739782473,1673.8642634116422,642,1074620.8571102743,361767.0,195741.0,169789.7308473776,125000.4,108572.0858632169,63333.716753543194,2098824.790574412,917066.4834038354,356790.0,560276.4834038354,0.3040780983440884,0.18577476192130013,100529.70913260824,81853.82635248039,110.98444373217956,0.3758210576330597,0.4615689124545833,0.5587231313440914
2026-10-01,2026,DEN-IBZ,Dénia–Ibiza,V01,Levante Star,124,30,24600,14239,0.578814046190486,3014,67.79026640934913,965265.6034027223,170729.2099379536,148215.56076618235,443016.91931858903,1727227.2934254473,1073.0367268378463,642,688889.5786298973,262192.8,172903.5,142008.14966212187,65499.399999999994,62180.1825633161,36271.7731619344,1429945.3840172696,297281.9094081777,292740.0,4541.909408177715,0.1721151064134741,0.0026295956678464554,57574.243114181576,57422.846133908984,121.30256994349655,0.5647408156363983,0.5662297709891972,0.5772919992821348
2026-10-01,2026,DEN-FOR,Dénia–Formentera,V03,Costa Dénia,112,31,27900,16953,0.6076454834007441,3612,59.28047331996042,1004981.8641932891,189697.66220180862,168383.8285790516,399572.88751356356,1762636.2424877128,1016.0915204007268,642,652330.7560972667,264696.60000000003,182442.75,141262.45663232464,77983.79999999999,63454.90472955765,37015.36109224197,1419186.6285513912,343449.6139363216,296800.0,46649.61393632158,0.19484996714443523,0.026465820236671305,56859.2336286359,55354.40737262552,103.97193667714934,0.5491508667919198,0.5640796986967846,0.5915636472694348
2026-10-01,2026,DEN-PMI,Dénia–Mallorca,V02,Marina Azul,198,20,25200,13697,0.5435202226376012,2697,80.96171185335464,1108932.5672553985,164460.3487011879,134523.76138827295,276204.38444577705,1684121.0617906363,1026.2918039359536,642,658879.3381268822,200946.0,128667.0,111444.49071441725,63006.2,60628.3582244629,35366.542297603366,1258937.9293633658,425183.1324272705,335470.0,89713.13242727052,0.25246589575644635,0.05327000205785879,84206.05308953181,79720.39646816828,122.95546921155263,0.31954624205614995,0.33752626699347366,0.5145668992592084
2026-10-01,2026,BCN-PMI,Barcelona–Mallorca,V05,Balear Express,205,21,27720,16749,0.6042242009290203,3805,74.55642843152262,1248745.6197995723,247035.16025501545,165904.50813493223,314661.5988456668,1976346.8870351866,1484.054713679395,642,952763.1261821716,289143.96,137018.7,108734.47718058832,77045.4,71148.48793326672,41503.284627738925,1677357.4359237654,298989.4511114212,371240.0,-72250.54888857878,0.15128389306188536,-0.036557625264340775,94111.75652548508,97552.25885351264,117.99790357843374,0.36050354343500607,0.34778919632477856,0.6263132028422291
2026-10-01,2026,BCN-IBZ,Barcelona–Ibiza,V04,Mediterráneo,276,22,32560,18279,0.5614020846015818,4461,86.37635263729067,1578873.349857036,325666.73689455295,191900.28183176555,347622.9906577368,2444063.3592410916,1787.290569436495,642,1147440.5455782297,331678.60000000003,148902.6,162394.08226418577,84083.4,87986.28093267929,51325.33054406293,2013810.8393191579,430252.51992193377,393810.0,36442.51992193377,0.1760398388589778,0.014910628148874817,111093.78905641325,109437.31087814354,133.70881116259596,0.2679135107670964,0.2719687354495037,0.5530312268760845
2026-10-01,2026,VAL-PMI,Valencia–Mallorca,V04,Mediterráneo,260,22,32560,18589,0.5709120750102731,3999,81.24724830008189,1510305.0986502224,277422.35579528904,189182.2743866255,362554.8856727174,2339464.6145048547,1598.4851910645853,642,1026227.4926634637,309551.0,148902.6,155600.1560605069,85509.4,84220.72612217476,49128.75690460195,1859140.131750747,480324.48275410756,385310.0,95014.48275410756,0.205313848209569,0.04061377212761018,106339.30065931157,102020.46053412487,125.85209610548468,0.26512593693899394,0.2763495339379199,0.5477251820909047
2026-10-01,2026,VAL-IBZ,Valencia–Ibiza,V02,Marina Azul,165,20,25200,13279,0.5269595102024868,2791,73.84655536282482,980608.4086629507,169447.28920383877,131873.79785515336,278596.23855084827,1560525.7342727913,1111.6960709847824,642,713708.8775722303,241178.0,128667.0,120363.88185193906,61083.399999999994,56178.92643382048,32771.04041972862,1353951.1262777185,206574.60799507285,352470.0,-145895.39200492715,0.1323750089205271,-0.09349117979968126,78026.28671363957,85321.05631388593,117.51831721310275,0.4103946912644826,0.3753068143994207,0.5762255765179795
2026-11-01,2026,DEN-IBZ,Dénia–Ibiza,V03,Costa Dénia,124,31,27900,14780,0.5297560903009964,3409,64.06398615251209,946865.7153341286,188976.46285292614,146128.37726426768,410505.64928199816,1692476.2047333207,1149.1507061038167,642,737754.7533186503,270932.56,182442.75,135304.32542742338,67988.0,60929.14337039954,35542.00029939974,1490893.532415873,201582.67231744784,298500.0,-96917.32768255216,0.11910517368201978,-0.0572636279384638,54596.00660430067,57722.37201341525,114.51124524582684,0.5172255556757639,0.4892115287123716,0.5600918459541279
2026-11-01,2026,DEN-FOR,Dénia–Formentera,V01,Levante Star,112,30,24600,11470,0.46625853872106354,2264,58.555081578019106,671626.7856998792,120688.53660204397,107109.28632107843,385777.04660026275,1285201.6552232644,951.2756177757794,642,610718.9466120504,256158.00000000003,172903.5,128033.28511565407,52761.99999999999,46267.259588037516,26989.234759688552,1293832.2260754306,-8630.570852166275,291040.0,-299670.5708521663,-0.006715343710529985,-0.23317007851200416,42840.05517410881,52829.074202514355,112.04896732548076,0.5752294664907922,0.46646401539752624,0.5749760788015463
2026-11-01,2026,DEN-PMI,Dénia–Mallorca,V05,Balear Express,198,22,29040,13222,0.4553023123449865,2765,82.46965641113692,1090413.7970680525,178648.89035742488,127282.23937061836,315489.66478057613,1711834.5915766722,1244.2752122297388,642,798824.6862514924,221040.6,143543.4,120182.63640023777,60821.2,61626.045296760196,35948.52642311012,1441987.0943716003,269847.49720507185,339790.0,-69942.50279492815,0.15763643200861532,-0.04085821325208071,77810.6632534851,80989.86792598183,129.46865765970898,0.30987858863629414,0.29771450586732895,0.47390515131694344
2026-11-01,2026,BCN-PMI,Barcelona–Mallorca,V04,Mediterráneo,205,22,32560,14652,0.44999387840023825,3390,74.1606259968303,1086601.4921055576,219460.8710942185,142761.0754656087,376487.64139038906,1825311.0800557737,1478.61755486215,642,949272.4702215003,302912.72000000003,148902.6,146466.01764311033,67399.2,65711.19888200785,38331.53268117125,1718995.73942779,106315.34062798368,382760.0,-276444.6593720163,0.058245053015694805,-0.1514507101789846,82968.68545708062,95534.35179217228,124.57760579141235,0.3148792082800668,0.27346303710310027,0.51814577086015
2026-11-01,2026,BCN-IBZ,Barcelona–Ibiza,V05,Balear Express,276,22,29040,13677,0.4709584606195228,2294,88.98209857643303,1217008.1622298746,167136.48093866807,130799.12100039991,432685.1905832801,1947628.9547522226,1804.8522044053416,642,1158715.1152282292,331678.60000000003,143543.4,149897.4441831305,62914.2,70114.64237108002,40900.208049796674,1957763.6098322365,-10134.655080013908,382290.0,-392424.6550800139,-0.005203586163209018,-0.20148840677403987,88528.58885237375,106366.07317419257,142.40176608556135,0.29195782052643987,0.24299678538749933,0.5658511305065048
2026-11-01,2026,VAL-PMI,Valencia–Mallorca,V02,Marina Azul,260,21,26460,12250,0.46295192218456616,2779,80.74680240092104,989148.3294112828,188459.28359448622,122748.12662448242,396255.557216375,1696611.2968466263,1618.8702376683461,642,1039314.6925830782,295480.5,135100.35,132207.54384958936,56349.99999999999,61078.00668647854,35628.83723377915,1755159.9303529253,-58548.633506299,369470.0,-428018.633506299,-0.0345091616536559,-0.25227854742086625,80791.01413555363,101172.85382632978,138.4988813752348,0.30883044513531677,0.24661481726359474,0.5797447606389864
2026-11-01,2026,VAL-IBZ,Valencia–Ibiza,V05,Balear Express,165,21,27720,12314,0.4442138853428507,2908,71.59856751466164,881664.7603755434,169107.3621620932,123602.60280311246,320456.7933502131,1494831.5186909623,1238.5225157773425,642,795131.4551290539,253236.90000000002,137018.7,114412.19460297211,56644.399999999994,53813.93467287464,31391.46189251021,1441649.046297411,53182.472393551376,356790.0,-303607.5276064486,0.03557756959802651,-0.20310484747626978,71182.4532709982,85639.954585591,121.39284705952268,0.3932045665086823,0.32682485432046926,0.5344358787722516
2026-12-01,2026,DEN-IBZ,Dénia–Ibiza,V01,Levante Star,124,30,24600,12540,0.5097436136044259,2278,67.1738249052121,842359.7643113597,121902.78869843054,121735.86630720111,397537.5466433022,1483535.9659602935,1126.9613384707206,642,723509.1792982026,262192.8,172903.5,134950.71417216051,57683.99999999999,53407.29477457056,31154.255285166168,1435801.7435300997,47734.2224301938,292740.0,-245005.7775698062,0.032175979231683416,-0.16514987380923646,49451.19886534312,57618.05811766999,118.30430350560555,0.5666606817237411,0.48634145225553815,0.593927707066261
2026-12-01,2026,DEN-FOR,Dénia–Formentera,V03,Costa Dénia,112,33,29700,16760,0.5643139343308192,4054,60.47064265250237,1013487.9708559397,220404.49627280587,165600.16510735595,471472.4163313548,1870965.0485674562,1067.3686766762078,642,685250.6904261254,281773.8,194213.25,146612.21950014745,77096.0,67354.74174842842,39290.266019916584,1491590.967694618,379374.08087283815,296800.0,82574.08087283815,0.20276919719227995,0.04413448606966909,56695.910562650184,54193.6656877157,111.6327594610654,0.5376355722987668,0.5624594301850218,0.5394082288571755
2026-12-01,2026,DEN-PMI,Dénia–Mallorca,V02,Marina Azul,198,22,27720,14536,0.5243916129283392,3114,82.49731176972182,1199180.9238846763,195082.6983929527,144208.95134749523,348886.3346926791,1887358.9083178034,1172.229313508459,642,752571.2192724306,221040.6,141533.7,126167.5354245011,66865.59999999999,67944.92069944092,39634.53707467388,1415758.1124710466,471600.7958467568,335470.0,136130.79584675678,0.24987340445336545,0.07212766752884839,85789.04128717288,79601.27783959302,129.84032115560012,0.3190687744091431,0.34387141769750235,0.48656846901612744
2026-12-01,2026,BCN-PMI,Barcelona–Mallorca,V05,Balear Express,205,20,26400,13079,0.4954200562377118,3100,74.65194327509984,976372.7660950308,200558.85408752508,129894.09898852078,321984.0645686314,1628809.783739708,1412.0622472148348,642,906543.9627119239,275375.2,130494.0,108171.67615124286,60163.399999999994,58637.15221462948,34205.005458533866,1573590.39653633,55219.387203377904,371240.0,-316020.6127966221,0.0339016794684248,-0.19401934833117615,81440.48918698539,97241.5198268165,124.53626299714871,0.35935521000301734,0.3009626355764427,0.5915411326991473
2026-12-01,2026,BCN-IBZ,Barcelona–Ibiza,V04,Mediterráneo,276,21,31080,15146,0.4873327704448636,3403,88.16458244319146,1335340.7656845779,238903.57709129728,152003.7673099586,395748.0101865708,2121996.1202724045,1667.6605237801068,642,1070638.0562668287,316602.30000000005,142134.30000000002,155457.27657092526,69671.59999999999,76391.86032980656,44561.918525720495,1875457.3116932812,246538.80857912335,393810.0,-147271.19142087665,0.11618249733061468,-0.06940219636309758,101047.43429868593,108060.34817587052,140.10274133582493,0.26454256799811626,0.2473742516125292,0.5211547350734503
2026-12-01,2026,VAL-PMI,Valencia–Mallorca,V04,Mediterráneo,260,21,31080,15880,0.5109469711632855,3387,80.55953861443601,1279285.4731972439,231103.1694410238,154410.1300833775,337502.6442866726,2002301.4170083178,1558.570059851828,642,1000601.9784248737,295480.5,142134.30000000002,131427.00586993207,73048.0,72082.85101229943,42048.32975717467,1756822.96506428,245478.4519440378,385310.0,-139831.5480559622,0.12259815123679656,-0.06983541382340305,95347.68652420561,102006.3316697276,126.08950988717366,0.2650892195159241,0.24778504813982746,0.5466291643362878
2026-12-01,2026,VAL-IBZ,Valencia–Ibiza,V02,Marina Azul,165,22,27720,15166,0.5471211381662618,2867,72.29846519077766,1096478.523083334,172787.88495365749,158027.39479404833,283392.21376256034,1710686.0165936002,1253.3359456683115,642,804641.677119056,265295.8,141533.7,121770.06817145381,69763.59999999999,61584.6965973696,35924.40634846561,1500513.9482363453,210172.06835725484,352470.0,-142297.93164274516,0.12285835408636794,-0.08318179388997146,77758.4552997091,84226.54310165206,112.79744273991825,0.40513007744902385,0.3740185440101448,0.5926316559140544
